CustomerID,Tenure,MonthlyCharges,TotalCharges,Contract,PaymentMethod,PaperlessBilling,SeniorCitizen,Churn,Customer_Lifetime_Value,Average_Monthly_Value,Tenure_Group,Charge_Per_Tenure_Month,Total_Charges_Per_Month
C00001,6,64,1540,One year,Credit Card,No,1,0,384,64,New,10.666666666666666,256.6666666666667
C00002,21,113,1753,Month-to-month,Electronic Check,Yes,1,0,2373,113,Developing,5.380952380952381,83.47619047619048
C00003,27,31,1455,Two year,Credit Card,No,1,0,837,31,Established,1.1481481481481481,53.888888888888886
C00004,53,29,7150,Month-to-month,Electronic Check,No,1,0,1537,29,Loyal,0.5471698113207547,134.9056603773585
C00005,16,185,1023,One year,Electronic Check,No,1,0,2960,185,Developing,11.5625,63.9375
C00006,55,44,7538,Two year,Electronic Check,No,0,0,2420,44,Loyal,0.8,137.05454545454546
C00007,66,99,4178,Two year,Bank Transfer,No,1,0,6534,99,Loyal,1.5,63.303030303030305
C00008,61,128,3088,Month-to-month,Bank Transfer,No,1,0,7808,128,Loyal,2.098360655737705,50.622950819672134
C00009,64,124,7973,Month-to-month,Credit Card,No,1,0,7936,124,Loyal,1.9375,124.578125
C00010,14,120,5844,One year,Bank Transfer,Yes,1,0,1680,120,Developing,8.571428571428571,417.42857142857144
C00011,59,57,5168,One year,Credit Card,Yes,0,0,3363,57,Loyal,0.9661016949152542,87.59322033898304
C00012,7,110,7282,Month-to-month,Electronic Check,No,1,1,770,110,New,15.714285714285714,1040.2857142857142
C00013,53,86,3438,Month-to-month,Bank Transfer,Yes,1,0,4558,86,Loyal,1.6226415094339623,64.86792452830188
C00014,8,158,6194,Month-to-month,Credit Card,No,1,1,1264,158,New,19.75,774.25
C00015,53,58,768,Month-to-month,Credit Card,Yes,1,0,3074,58,Loyal,1.0943396226415094,14.49056603773585
C00016,65,77,4071,Month-to-month,Credit Card,Yes,1,0,5005,77,Loyal,1.1846153846153846,62.63076923076923
C00017,19,187,4874,Two year,Credit Card,No,0,0,3553,187,Developing,9.842105263157896,256.5263157894737
C00018,42,101,3736,One year,Bank Transfer,Yes,0,0,4242,101,Established,2.4047619047619047,88.95238095238095
C00019,7,156,5389,One year,Bank Transfer,Yes,0,1,1092,156,New,22.285714285714285,769.8571428571429
C00020,26,105,6868,Month-to-month,Bank Transfer,Yes,1,0,2730,105,Established,4.038461538461538,264.15384615384613
C00021,38,137,1000,Month-to-month,Electronic Check,No,1,0,5206,137,Established,3.6052631578947367,26.31578947368421
C00022,25,120,4855,Two year,Credit Card,Yes,0,0,3000,120,Established,4.8,194.2
C00023,60,40,1755,One year,Credit Card,No,1,0,2400,40,Loyal,0.6666666666666666,29.25
C00024,30,100,3710,Two year,Credit Card,No,1,0,3000,100,Established,3.3333333333333335,123.66666666666667
C00025,25,193,7565,Month-to-month,Bank Transfer,No,0,0,4825,193,Established,7.72,302.6
C00026,47,181,3295,One year,Credit Card,No,1,0,8507,181,Established,3.851063829787234,70.1063829787234
C00027,60,101,3741,Month-to-month,Bank Transfer,No,1,0,6060,101,Loyal,1.6833333333333333,62.35
C00028,20,56,3950,One year,Bank Transfer,No,1,0,1120,56,Developing,2.8,197.5
C00029,36,175,3682,One year,Bank Transfer,No,0,0,6300,175,Established,4.861111111111111,102.27777777777777
C00030,34,190,7540,One year,Bank Transfer,No,1,0,6460,190,Established,5.588235294117647,221.76470588235293
C00031,28,101,4643,One year,Electronic Check,Yes,1,0,2828,101,Established,3.607142857142857,165.82142857142858
C00032,10,196,4825,Month-to-month,Credit Card,Yes,0,1,1960,196,New,19.6,482.5
C00033,43,182,7129,One year,Electronic Check,Yes,0,0,7826,182,Established,4.232558139534884,165.7906976744186
C00034,32,195,7139,One year,Bank Transfer,Yes,1,0,6240,195,Established,6.09375,223.09375
C00035,60,44,1302,One year,Credit Card,No,1,0,2640,44,Loyal,0.7333333333333333,21.7
C00036,50,116,690,Month-to-month,Credit Card,No,1,0,5800,116,Loyal,2.32,13.8
C00037,37,42,947,Month-to-month,Electronic Check,No,0,0,1554,42,Established,1.135135135135135,25.594594594594593
C00038,62,166,6225,Two year,Electronic Check,Yes,1,0,10292,166,Loyal,2.6774193548387095,100.40322580645162
C00039,50,84,858,Month-to-month,Credit Card,No,0,0,4200,84,Loyal,1.68,17.16
C00040,26,151,1952,Two year,Electronic Check,No,0,0,3926,151,Established,5.8076923076923075,75.07692307692308
C00041,42,20,1950,Two year,Credit Card,Yes,1,0,840,20,Established,0.47619047619047616,46.42857142857143
C00042,7,148,2701,Two year,Credit Card,Yes,0,0,1036,148,New,21.142857142857142,385.85714285714283
C00043,63,89,6547,One year,Electronic Check,Yes,0,0,5607,89,Loyal,1.4126984126984128,103.92063492063492
C00044,42,123,3913,Month-to-month,Credit Card,No,1,0,5166,123,Established,2.9285714285714284,93.16666666666667
C00045,34,93,3344,Two year,Credit Card,Yes,0,0,3162,93,Established,2.735294117647059,98.3529411764706
C00046,32,170,4773,Two year,Credit Card,No,1,0,5440,170,Established,5.3125,149.15625
C00047,22,46,7555,Month-to-month,Bank Transfer,No,1,0,1012,46,Developing,2.090909090909091,343.40909090909093
C00048,37,162,3735,Month-to-month,Electronic Check,Yes,1,0,5994,162,Established,4.378378378378378,100.94594594594595
C00049,56,49,3376,Month-to-month,Bank Transfer,No,0,0,2744,49,Loyal,0.875,60.285714285714285
C00050,49,121,5161,One year,Bank Transfer,Yes,0,0,5929,121,Loyal,2.4693877551020407,105.3265306122449
C00051,71,172,416,Month-to-month,Electronic Check,No,1,0,12212,172,Loyal,2.4225352112676055,5.859154929577465
C00052,31,154,7537,Two year,Credit Card,Yes,1,0,4774,154,Established,4.967741935483871,243.1290322580645
C00053,53,48,1497,One year,Credit Card,No,0,0,2544,48,Loyal,0.9056603773584906,28.245283018867923
C00054,49,68,2615,Month-to-month,Bank Transfer,Yes,1,0,3332,68,Loyal,1.3877551020408163,53.36734693877551
C00055,9,157,7022,Month-to-month,Bank Transfer,No,0,1,1413,157,New,17.444444444444443,780.2222222222222
C00056,47,54,6827,Two year,Bank Transfer,Yes,0,0,2538,54,Established,1.148936170212766,145.25531914893617
C00057,58,121,3537,One year,Credit Card,No,1,0,7018,121,Loyal,2.086206896551724,60.98275862068966
C00058,59,72,7053,Month-to-month,Bank Transfer,Yes,0,0,4248,72,Loyal,1.2203389830508475,119.54237288135593
C00059,36,38,3792,One year,Bank Transfer,Yes,1,0,1368,38,Established,1.0555555555555556,105.33333333333333
C00060,26,182,7074,Month-to-month,Credit Card,No,0,0,4732,182,Established,7.0,272.0769230769231
C00061,23,187,5608,Month-to-month,Electronic Check,No,1,0,4301,187,Developing,8.130434782608695,243.82608695652175
C00062,10,195,4284,Two year,Electronic Check,No,0,1,1950,195,New,19.5,428.4
C00063,53,128,5803,One year,Bank Transfer,No,0,0,6784,128,Loyal,2.4150943396226414,109.49056603773585
C00064,25,176,4496,One year,Bank Transfer,No,1,0,4400,176,Established,7.04,179.84
C00065,65,180,4142,One year,Credit Card,Yes,0,0,11700,180,Loyal,2.769230769230769,63.723076923076924
C00066,3,140,2541,One year,Electronic Check,No,1,0,420,140,New,46.666666666666664,847.0
C00067,53,61,3631,One year,Bank Transfer,No,0,0,3233,61,Loyal,1.150943396226415,68.50943396226415
C00068,62,62,3016,Two year,Credit Card,Yes,0,0,3844,62,Loyal,1.0,48.645161290322584
C00069,2,102,1333,Two year,Credit Card,Yes,0,1,204,102,New,51.0,666.5
C00070,53,21,6828,One year,Credit Card,No,0,0,1113,21,Loyal,0.39622641509433965,128.83018867924528
C00071,69,153,1418,Month-to-month,Electronic Check,No,0,0,10557,153,Loyal,2.217391304347826,20.55072463768116
C00072,68,153,1930,One year,Electronic Check,Yes,0,0,10404,153,Loyal,2.25,28.38235294117647
C00073,13,125,3696,Two year,Credit Card,No,1,0,1625,125,Developing,9.615384615384615,284.3076923076923
C00074,2,152,2038,Month-to-month,Bank Transfer,No,0,1,304,152,New,76.0,1019.0
C00075,70,77,7593,Two year,Electronic Check,Yes,0,0,5390,77,Loyal,1.1,108.47142857142858
C00076,35,170,936,One year,Bank Transfer,Yes,0,0,5950,170,Established,4.857142857142857,26.742857142857144
C00077,4,43,7302,Month-to-month,Credit Card,Yes,0,1,172,43,New,10.75,1825.5
C00078,41,109,7937,Two year,Bank Transfer,Yes,1,0,4469,109,Established,2.658536585365854,193.58536585365854
C00079,8,95,3792,One year,Bank Transfer,Yes,1,0,760,95,New,11.875,474.0
C00080,47,138,6406,Two year,Credit Card,Yes,0,0,6486,138,Established,2.9361702127659575,136.29787234042553
C00081,35,139,5211,Two year,Bank Transfer,No,0,0,4865,139,Established,3.9714285714285715,148.88571428571427
C00082,30,162,3917,One year,Credit Card,No,0,0,4860,162,Established,5.4,130.56666666666666
C00083,27,142,1908,Two year,Bank Transfer,No,1,0,3834,142,Established,5.2592592592592595,70.66666666666667
C00084,50,141,4412,Month-to-month,Credit Card,No,0,0,7050,141,Loyal,2.82,88.24
C00085,51,136,4725,Two year,Bank Transfer,Yes,1,0,6936,136,Loyal,2.6666666666666665,92.6470588235294
C00086,63,29,7685,Two year,Credit Card,Yes,1,0,1827,29,Loyal,0.4603174603174603,121.98412698412699
C00087,43,103,2856,One year,Electronic Check,No,1,0,4429,103,Established,2.395348837209302,66.4186046511628
C00088,40,108,2650,One year,Electronic Check,No,1,0,4320,108,Established,2.7,66.25
C00089,41,177,4075,One year,Bank Transfer,Yes,0,0,7257,177,Established,4.317073170731708,99.39024390243902
C00090,21,126,7735,One year,Credit Card,Yes,0,0,2646,126,Developing,6.0,368.3333333333333
C00091,3,188,2422,Two year,Credit Card,No,1,0,564,188,New,62.666666666666664,807.3333333333334
C00092,42,122,1294,Two year,Bank Transfer,No,0,0,5124,122,Established,2.9047619047619047,30.80952380952381
C00093,18,29,7469,Month-to-month,Electronic Check,Yes,0,0,522,29,Developing,1.6111111111111112,414.94444444444446
C00094,55,193,4344,Two year,Bank Transfer,No,1,0,10615,193,Loyal,3.5090909090909093,78.98181818181818
C00095,21,140,3171,One year,Electronic Check,No,1,0,2940,140,Developing,6.666666666666667,151.0
C00096,20,150,1780,Month-to-month,Electronic Check,Yes,0,0,3000,150,Developing,7.5,89.0
C00097,15,40,510,Month-to-month,Bank Transfer,No,0,0,600,40,Developing,2.6666666666666665,34.0
C00098,42,172,1168,Month-to-month,Bank Transfer,No,1,0,7224,172,Established,4.095238095238095,27.80952380952381
C00099,10,143,3353,Two year,Electronic Check,No,1,1,1430,143,New,14.3,335.3
C00100,39,84,7566,One year,Electronic Check,No,1,0,3276,84,Established,2.1538461538461537,194.0
C00101,66,170,1059,Month-to-month,Electronic Check,No,1,0,11220,170,Loyal,2.5757575757575757,16.045454545454547
C00102,50,130,1087,One year,Electronic Check,Yes,1,0,6500,130,Loyal,2.6,21.74
C00103,44,78,6369,One year,Bank Transfer,Yes,1,0,3432,78,Established,1.7727272727272727,144.75
C00104,7,39,6651,One year,Electronic Check,Yes,1,0,273,39,New,5.571428571428571,950.1428571428571
C00105,3,115,5547,Two year,Bank Transfer,No,0,1,345,115,New,38.333333333333336,1849.0
C00106,21,75,7026,Two year,Bank Transfer,Yes,1,0,1575,75,Developing,3.5714285714285716,334.57142857142856
C00107,3,59,7111,Month-to-month,Credit Card,Yes,1,1,177,59,New,19.666666666666668,2370.3333333333335
C00108,18,56,7925,One year,Electronic Check,No,0,0,1008,56,Developing,3.111111111111111,440.27777777777777
C00109,48,152,4042,One year,Electronic Check,Yes,1,0,7296,152,Established,3.1666666666666665,84.20833333333333
C00110,32,24,2939,Two year,Electronic Check,Yes,1,0,768,24,Established,0.75,91.84375
C00111,41,88,3461,One year,Bank Transfer,Yes,1,0,3608,88,Established,2.1463414634146343,84.41463414634147
C00112,55,87,3353,Two year,Credit Card,No,1,0,4785,87,Loyal,1.5818181818181818,60.96363636363636
C00113,15,102,1746,Month-to-month,Credit Card,No,1,0,1530,102,Developing,6.8,116.4
C00114,31,111,2539,Month-to-month,Credit Card,No,0,0,3441,111,Established,3.5806451612903225,81.90322580645162
C00115,33,160,2315,One year,Bank Transfer,No,0,0,5280,160,Established,4.848484848484849,70.15151515151516
C00116,70,164,5320,One year,Credit Card,No,0,0,11480,164,Loyal,2.342857142857143,76.0
C00117,14,187,2225,Two year,Electronic Check,Yes,0,0,2618,187,Developing,13.357142857142858,158.92857142857142
C00118,35,98,4023,Two year,Bank Transfer,Yes,0,0,3430,98,Established,2.8,114.94285714285714
C00119,56,83,562,Month-to-month,Bank Transfer,Yes,0,0,4648,83,Loyal,1.4821428571428572,10.035714285714286
C00120,62,75,2451,One year,Credit Card,No,0,0,4650,75,Loyal,1.2096774193548387,39.53225806451613
C00121,30,107,6906,One year,Credit Card,Yes,1,0,3210,107,Established,3.566666666666667,230.2
C00122,15,147,2687,One year,Electronic Check,No,0,0,2205,147,Developing,9.8,179.13333333333333
C00123,41,114,2419,Two year,Bank Transfer,No,1,0,4674,114,Established,2.7804878048780486,59.0
C00124,27,50,2751,Two year,Electronic Check,Yes,1,0,1350,50,Established,1.8518518518518519,101.88888888888889
C00125,4,177,950,Month-to-month,Credit Card,Yes,0,1,708,177,New,44.25,237.5
C00126,62,183,7208,Two year,Electronic Check,Yes,1,0,11346,183,Loyal,2.9516129032258065,116.25806451612904
C00127,31,62,5887,One year,Bank Transfer,No,1,0,1922,62,Established,2.0,189.90322580645162
C00128,13,137,7128,One year,Bank Transfer,Yes,0,0,1781,137,Developing,10.538461538461538,548.3076923076923
C00129,20,179,2692,Month-to-month,Bank Transfer,Yes,1,0,3580,179,Developing,8.95,134.6
C00130,8,174,3979,Two year,Credit Card,Yes,0,1,1392,174,New,21.75,497.375
C00131,2,125,7858,Month-to-month,Electronic Check,No,1,1,250,125,New,62.5,3929.0
C00132,3,79,891,Month-to-month,Credit Card,No,1,1,237,79,New,26.333333333333332,297.0
C00133,48,92,5908,Two year,Bank Transfer,Yes,0,0,4416,92,Established,1.9166666666666667,123.08333333333333
C00134,15,28,6569,Month-to-month,Credit Card,No,1,0,420,28,Developing,1.8666666666666667,437.93333333333334
C00135,64,101,5706,Month-to-month,Bank Transfer,Yes,1,0,6464,101,Loyal,1.578125,89.15625
C00136,52,152,4318,Two year,Bank Transfer,Yes,0,0,7904,152,Loyal,2.923076923076923,83.03846153846153
C00137,10,134,4476,Month-to-month,Electronic Check,No,0,1,1340,134,New,13.4,447.6
C00138,30,188,4095,Two year,Electronic Check,Yes,0,0,5640,188,Established,6.266666666666667,136.5
C00139,27,67,3567,Month-to-month,Credit Card,Yes,1,0,1809,67,Established,2.4814814814814814,132.11111111111111
C00140,2,184,5021,One year,Electronic Check,Yes,1,1,368,184,New,92.0,2510.5
C00141,46,112,6817,Two year,Electronic Check,No,0,0,5152,112,Established,2.4347826086956523,148.19565217391303
C00142,11,115,1713,Two year,Bank Transfer,Yes,1,1,1265,115,New,10.454545454545455,155.72727272727272
C00143,64,167,3677,Month-to-month,Bank Transfer,No,0,0,10688,167,Loyal,2.609375,57.453125
C00144,65,47,5540,One year,Bank Transfer,Yes,1,0,3055,47,Loyal,0.7230769230769231,85.23076923076923
C00145,21,173,7651,Two year,Bank Transfer,Yes,0,0,3633,173,Developing,8.238095238095237,364.3333333333333
C00146,29,42,2058,One year,Credit Card,No,1,0,1218,42,Established,1.4482758620689655,70.96551724137932
C00147,6,133,7448,One year,Credit Card,No,0,1,798,133,New,22.166666666666668,1241.3333333333333
C00148,34,24,2004,Two year,Bank Transfer,Yes,1,0,816,24,Established,0.7058823529411765,58.94117647058823
C00149,20,114,1250,One year,Bank Transfer,Yes,0,0,2280,114,Developing,5.7,62.5
C00150,42,132,3139,Month-to-month,Electronic Check,No,0,0,5544,132,Established,3.142857142857143,74.73809523809524
C00151,5,105,5965,One year,Credit Card,No,0,1,525,105,New,21.0,1193.0
C00152,45,139,7654,Month-to-month,Credit Card,No,1,0,6255,139,Established,3.088888888888889,170.0888888888889
C00153,21,156,6366,Two year,Electronic Check,No,0,0,3276,156,Developing,7.428571428571429,303.14285714285717
C00154,37,158,3355,Two year,Electronic Check,No,0,0,5846,158,Established,4.27027027027027,90.67567567567568
C00155,68,40,5920,Month-to-month,Bank Transfer,Yes,1,0,2720,40,Loyal,0.5882352941176471,87.05882352941177
C00156,26,148,4601,One year,Bank Transfer,Yes,0,0,3848,148,Established,5.6923076923076925,176.96153846153845
C00157,26,78,5632,Two year,Electronic Check,Yes,1,0,2028,78,Established,3.0,216.6153846153846
C00158,1,86,7217,Two year,Bank Transfer,Yes,0,0,86,86,New,86.0,7217.0
C00159,47,182,3250,One year,Electronic Check,No,1,0,8554,182,Established,3.872340425531915,69.14893617021276
C00160,30,154,4096,One year,Bank Transfer,Yes,0,0,4620,154,Established,5.133333333333334,136.53333333333333
C00161,51,78,984,Month-to-month,Electronic Check,Yes,1,0,3978,78,Loyal,1.5294117647058822,19.294117647058822
C00162,13,90,347,One year,Electronic Check,Yes,0,0,1170,90,Developing,6.923076923076923,26.692307692307693
C00163,64,185,3916,One year,Credit Card,Yes,1,0,11840,185,Loyal,2.890625,61.1875
C00164,60,171,220,Month-to-month,Credit Card,No,1,0,10260,171,Loyal,2.85,3.6666666666666665
C00165,69,48,3419,One year,Bank Transfer,Yes,1,0,3312,48,Loyal,0.6956521739130435,49.55072463768116
C00166,40,105,791,One year,Credit Card,Yes,0,0,4200,105,Established,2.625,19.775
C00167,23,110,6723,Two year,Bank Transfer,Yes,1,0,2530,110,Developing,4.782608695652174,292.30434782608694
C00168,42,80,5832,One year,Electronic Check,No,1,0,3360,80,Established,1.9047619047619047,138.85714285714286
C00169,13,99,2938,Month-to-month,Credit Card,No,0,0,1287,99,Developing,7.615384615384615,226.0
C00170,24,84,6882,One year,Credit Card,Yes,0,0,2016,84,Developing,3.5,286.75
C00171,22,61,5363,Two year,Bank Transfer,Yes,1,0,1342,61,Developing,2.772727272727273,243.77272727272728
C00172,10,115,3717,One year,Electronic Check,Yes,0,1,1150,115,New,11.5,371.7
C00173,62,160,1811,Month-to-month,Credit Card,Yes,1,0,9920,160,Loyal,2.5806451612903225,29.20967741935484
C00174,5,145,1090,Month-to-month,Credit Card,No,1,1,725,145,New,29.0,218.0
C00175,20,76,6396,Two year,Credit Card,Yes,1,0,1520,76,Developing,3.8,319.8
C00176,68,67,1797,Two year,Electronic Check,No,1,0,4556,67,Loyal,0.9852941176470589,26.426470588235293
C00177,42,50,279,One year,Electronic Check,No,0,0,2100,50,Established,1.1904761904761905,6.642857142857143
C00178,3,180,3232,One year,Bank Transfer,No,0,0,540,180,New,60.0,1077.3333333333333
C00179,68,193,3285,One year,Credit Card,No,0,0,13124,193,Loyal,2.838235294117647,48.30882352941177
C00180,52,39,3233,Two year,Credit Card,Yes,1,0,2028,39,Loyal,0.75,62.17307692307692
C00181,4,135,4742,Month-to-month,Credit Card,No,1,1,540,135,New,33.75,1185.5
C00182,13,64,4297,Month-to-month,Bank Transfer,Yes,1,0,832,64,Developing,4.923076923076923,330.53846153846155
C00183,56,151,735,Two year,Credit Card,Yes,1,0,8456,151,Loyal,2.6964285714285716,13.125
C00184,61,29,2290,One year,Credit Card,Yes,0,0,1769,29,Loyal,0.47540983606557374,37.540983606557376
C00185,47,130,2289,Month-to-month,Bank Transfer,Yes,0,0,6110,130,Established,2.765957446808511,48.702127659574465
C00186,59,93,7342,Month-to-month,Bank Transfer,No,0,0,5487,93,Loyal,1.576271186440678,124.44067796610169
C00187,47,199,6905,Two year,Electronic Check,Yes,1,0,9353,199,Established,4.23404255319149,146.91489361702128
C00188,49,163,3776,One year,Bank Transfer,No,0,0,7987,163,Loyal,3.326530612244898,77.06122448979592
C00189,31,100,4971,One year,Electronic Check,Yes,0,0,3100,100,Established,3.225806451612903,160.3548387096774
C00190,52,185,7330,Two year,Credit Card,Yes,0,0,9620,185,Loyal,3.5576923076923075,140.96153846153845
C00191,46,51,466,One year,Bank Transfer,Yes,0,0,2346,51,Established,1.108695652173913,10.130434782608695
C00192,43,31,7992,Month-to-month,Credit Card,No,0,0,1333,31,Established,0.7209302325581395,185.86046511627907
C00193,65,158,3712,One year,Credit Card,No,0,0,10270,158,Loyal,2.4307692307692306,57.10769230769231
C00194,71,138,6231,Month-to-month,Electronic Check,No,0,0,9798,138,Loyal,1.943661971830986,87.7605633802817
C00195,27,121,4317,One year,Bank Transfer,No,0,0,3267,121,Established,4.481481481481482,159.88888888888889
C00196,30,133,3029,Month-to-month,Credit Card,Yes,1,0,3990,133,Established,4.433333333333334,100.96666666666667
C00197,37,152,2750,One year,Credit Card,No,0,0,5624,152,Established,4.108108108108108,74.32432432432432
C00198,37,34,6987,Month-to-month,Electronic Check,No,1,0,1258,34,Established,0.918918918918919,188.83783783783784
C00199,3,63,1535,Two year,Electronic Check,No,0,0,189,63,New,21.0,511.6666666666667
C00200,42,143,7310,One year,Electronic Check,Yes,0,0,6006,143,Established,3.4047619047619047,174.04761904761904
C00201,50,170,3185,Two year,Electronic Check,No,0,0,8500,170,Loyal,3.4,63.7
C00202,50,169,159,One year,Bank Transfer,No,0,0,8450,169,Loyal,3.38,3.18
C00203,29,189,5035,One year,Credit Card,Yes,1,0,5481,189,Established,6.517241379310345,173.6206896551724
C00204,15,55,5421,Two year,Credit Card,No,0,0,825,55,Developing,3.6666666666666665,361.4
C00205,69,40,3396,Month-to-month,Credit Card,Yes,0,0,2760,40,Loyal,0.5797101449275363,49.21739130434783
C00206,69,94,5765,Month-to-month,Electronic Check,Yes,0,0,6486,94,Loyal,1.3623188405797102,83.55072463768116
C00207,57,32,4351,One year,Bank Transfer,No,0,0,1824,32,Loyal,0.5614035087719298,76.33333333333333
C00208,70,171,4801,Month-to-month,Electronic Check,No,0,0,11970,171,Loyal,2.442857142857143,68.58571428571429
C00209,46,199,4023,Month-to-month,Electronic Check,Yes,0,0,9154,199,Established,4.326086956521739,87.45652173913044
C00210,65,82,7742,Two year,Credit Card,Yes,0,0,5330,82,Loyal,1.2615384615384615,119.1076923076923
C00211,65,113,2956,Month-to-month,Credit Card,Yes,0,0,7345,113,Loyal,1.7384615384615385,45.47692307692308
C00212,51,160,4278,Two year,Credit Card,No,1,0,8160,160,Loyal,3.1372549019607843,83.88235294117646
C00213,44,59,1893,Month-to-month,Credit Card,Yes,0,0,2596,59,Established,1.3409090909090908,43.02272727272727
C00214,7,142,3099,Month-to-month,Bank Transfer,No,1,1,994,142,New,20.285714285714285,442.7142857142857
C00215,59,29,1393,One year,Electronic Check,Yes,0,0,1711,29,Loyal,0.4915254237288136,23.610169491525422
C00216,8,102,2161,One year,Bank Transfer,Yes,1,0,816,102,New,12.75,270.125
C00217,10,152,5250,Month-to-month,Credit Card,Yes,1,1,1520,152,New,15.2,525.0
C00218,67,182,6193,Two year,Bank Transfer,Yes,0,0,12194,182,Loyal,2.716417910447761,92.43283582089552
C00219,45,177,3091,One year,Bank Transfer,No,0,0,7965,177,Established,3.933333333333333,68.68888888888888
C00220,33,198,2226,Two year,Bank Transfer,Yes,0,0,6534,198,Established,6.0,67.45454545454545
C00221,57,118,5412,Two year,Credit Card,No,1,0,6726,118,Loyal,2.0701754385964914,94.94736842105263
C00222,67,37,1247,Month-to-month,Credit Card,No,1,0,2479,37,Loyal,0.5522388059701493,18.611940298507463
C00223,31,70,1256,Month-to-month,Credit Card,No,0,0,2170,70,Established,2.2580645161290325,40.516129032258064
C00224,19,43,6118,One year,Electronic Check,Yes,0,0,817,43,Developing,2.263157894736842,322.0
C00225,40,156,7024,One year,Electronic Check,No,0,0,6240,156,Established,3.9,175.6
C00226,24,142,7012,One year,Credit Card,Yes,0,0,3408,142,Developing,5.916666666666667,292.1666666666667
C00227,57,123,5830,Month-to-month,Bank Transfer,Yes,0,0,7011,123,Loyal,2.1578947368421053,102.28070175438596
C00228,53,183,4023,Two year,Electronic Check,Yes,1,0,9699,183,Loyal,3.452830188679245,75.90566037735849
C00229,24,32,1635,One year,Bank Transfer,No,1,0,768,32,Developing,1.3333333333333333,68.125
C00230,32,149,5477,Two year,Bank Transfer,No,1,0,4768,149,Established,4.65625,171.15625
C00231,33,99,3225,One year,Credit Card,No,1,0,3267,99,Established,3.0,97.72727272727273
C00232,20,151,2681,One year,Credit Card,No,1,0,3020,151,Developing,7.55,134.05
C00233,12,52,7459,Two year,Electronic Check,No,0,0,624,52,New,4.333333333333333,621.5833333333334
C00234,61,24,217,One year,Electronic Check,No,1,0,1464,24,Loyal,0.39344262295081966,3.557377049180328
C00235,65,94,7183,One year,Bank Transfer,No,1,0,6110,94,Loyal,1.4461538461538461,110.50769230769231
C00236,13,115,6305,Two year,Credit Card,No,1,0,1495,115,Developing,8.846153846153847,485.0
C00237,61,51,810,One year,Bank Transfer,No,0,0,3111,51,Loyal,0.8360655737704918,13.278688524590164
C00238,33,151,6705,Month-to-month,Bank Transfer,No,1,0,4983,151,Established,4.575757575757576,203.1818181818182
C00239,21,138,6404,Two year,Credit Card,Yes,1,0,2898,138,Developing,6.571428571428571,304.95238095238096
C00240,56,108,6378,Two year,Bank Transfer,Yes,1,0,6048,108,Loyal,1.9285714285714286,113.89285714285714
C00241,69,121,7669,One year,Electronic Check,Yes,0,0,8349,121,Loyal,1.7536231884057971,111.14492753623189
C00242,16,196,7704,Two year,Electronic Check,No,0,0,3136,196,Developing,12.25,481.5
C00243,28,33,1099,Two year,Credit Card,No,1,0,924,33,Established,1.1785714285714286,39.25
C00244,53,123,4561,One year,Bank Transfer,Yes,1,0,6519,123,Loyal,2.3207547169811322,86.05660377358491
C00245,23,104,2991,Two year,Electronic Check,No,0,0,2392,104,Developing,4.521739130434782,130.04347826086956
C00246,15,60,3032,Month-to-month,Bank Transfer,No,1,0,900,60,Developing,4.0,202.13333333333333
C00247,43,130,6856,One year,Bank Transfer,No,0,0,5590,130,Established,3.0232558139534884,159.4418604651163
C00248,60,48,4747,One year,Bank Transfer,No,1,0,2880,48,Loyal,0.8,79.11666666666666
C00249,48,79,3083,One year,Bank Transfer,Yes,1,0,3792,79,Established,1.6458333333333333,64.22916666666667
C00250,58,90,3841,Two year,Electronic Check,No,1,0,5220,90,Loyal,1.5517241379310345,66.22413793103448
C00251,24,48,1639,Month-to-month,Electronic Check,Yes,0,0,1152,48,Developing,2.0,68.29166666666667
C00252,9,138,515,Two year,Credit Card,No,0,1,1242,138,New,15.333333333333334,57.22222222222222
C00253,55,71,1965,Two year,Credit Card,Yes,1,0,3905,71,Loyal,1.290909090909091,35.72727272727273
C00254,26,182,3882,Month-to-month,Electronic Check,Yes,0,0,4732,182,Established,7.0,149.30769230769232
C00255,31,88,4230,Two year,Electronic Check,No,1,0,2728,88,Established,2.838709677419355,136.4516129032258
C00256,29,178,7961,Two year,Electronic Check,Yes,0,0,5162,178,Established,6.137931034482759,274.51724137931035
C00257,65,30,6769,Month-to-month,Credit Card,No,0,0,1950,30,Loyal,0.46153846153846156,104.13846153846154
C00258,50,120,1839,Two year,Credit Card,Yes,0,0,6000,120,Loyal,2.4,36.78
C00259,54,191,6674,Two year,Credit Card,No,1,0,10314,191,Loyal,3.537037037037037,123.5925925925926
C00260,31,85,1935,One year,Electronic Check,Yes,0,0,2635,85,Established,2.7419354838709675,62.41935483870968
C00261,49,41,7108,Two year,Bank Transfer,Yes,1,0,2009,41,Loyal,0.8367346938775511,145.0612244897959
C00262,44,176,4069,Two year,Bank Transfer,No,0,0,7744,176,Established,4.0,92.47727272727273
C00263,1,39,2429,Month-to-month,Credit Card,Yes,1,1,39,39,New,39.0,2429.0
C00264,71,156,812,One year,Credit Card,No,0,0,11076,156,Loyal,2.1971830985915495,11.43661971830986
C00265,34,172,1619,Two year,Electronic Check,Yes,1,0,5848,172,Established,5.0588235294117645,47.61764705882353
C00266,6,115,1677,Two year,Bank Transfer,Yes,1,0,690,115,New,19.166666666666668,279.5
C00267,29,92,1792,Month-to-month,Credit Card,Yes,0,0,2668,92,Established,3.1724137931034484,61.793103448275865
C00268,69,177,2153,Two year,Bank Transfer,No,0,0,12213,177,Loyal,2.5652173913043477,31.202898550724637
C00269,19,63,1186,Two year,Electronic Check,No,1,0,1197,63,Developing,3.3157894736842106,62.421052631578945
C00270,43,81,7187,Two year,Credit Card,No,1,0,3483,81,Established,1.8837209302325582,167.13953488372093
C00271,8,160,7182,Month-to-month,Bank Transfer,No,1,1,1280,160,New,20.0,897.75
C00272,43,85,6192,One year,Credit Card,Yes,1,0,3655,85,Established,1.9767441860465116,144.0
C00273,29,64,6131,One year,Electronic Check,Yes,0,0,1856,64,Established,2.206896551724138,211.41379310344828
C00274,67,142,1008,Month-to-month,Electronic Check,No,1,0,9514,142,Loyal,2.1194029850746268,15.044776119402986
C00275,66,196,2989,Month-to-month,Electronic Check,No,0,0,12936,196,Loyal,2.9696969696969697,45.28787878787879
C00276,49,94,4521,One year,Bank Transfer,Yes,1,0,4606,94,Loyal,1.9183673469387754,92.26530612244898
C00277,58,174,1493,Two year,Credit Card,No,0,0,10092,174,Loyal,3.0,25.74137931034483
C00278,3,72,4282,One year,Credit Card,Yes,0,0,216,72,New,24.0,1427.3333333333333
C00279,66,128,7087,One year,Electronic Check,No,1,0,8448,128,Loyal,1.9393939393939394,107.37878787878788
C00280,57,43,6209,Two year,Bank Transfer,No,1,0,2451,43,Loyal,0.7543859649122807,108.9298245614035
C00281,17,25,7759,Two year,Credit Card,No,1,0,425,25,Developing,1.4705882352941178,456.4117647058824
C00282,18,158,7475,Two year,Electronic Check,Yes,0,0,2844,158,Developing,8.777777777777779,415.27777777777777
C00283,2,56,7493,Month-to-month,Electronic Check,No,1,1,112,56,New,28.0,3746.5
C00284,13,94,261,Month-to-month,Bank Transfer,Yes,0,0,1222,94,Developing,7.230769230769231,20.076923076923077
C00285,26,171,6538,Two year,Credit Card,Yes,0,0,4446,171,Established,6.576923076923077,251.46153846153845
C00286,48,80,6186,Month-to-month,Electronic Check,Yes,1,0,3840,80,Established,1.6666666666666667,128.875
C00287,11,60,627,One year,Electronic Check,No,0,0,660,60,New,5.454545454545454,57.0
C00288,42,83,1173,One year,Bank Transfer,Yes,0,0,3486,83,Established,1.9761904761904763,27.928571428571427
C00289,22,58,6472,One year,Electronic Check,No,1,0,1276,58,Developing,2.6363636363636362,294.1818181818182
C00290,57,123,5518,One year,Credit Card,Yes,1,0,7011,123,Loyal,2.1578947368421053,96.80701754385964
C00291,63,177,5573,One year,Credit Card,Yes,0,0,11151,177,Loyal,2.8095238095238093,88.46031746031746
C00292,65,59,6420,Two year,Credit Card,No,0,0,3835,59,Loyal,0.9076923076923077,98.76923076923077
C00293,13,140,727,One year,Bank Transfer,Yes,0,0,1820,140,Developing,10.76923076923077,55.92307692307692
C00294,70,128,5423,Month-to-month,Bank Transfer,Yes,0,0,8960,128,Loyal,1.8285714285714285,77.47142857142858
C00295,6,59,6657,Two year,Credit Card,No,0,0,354,59,New,9.833333333333334,1109.5
C00296,66,44,1995,One year,Electronic Check,Yes,0,0,2904,44,Loyal,0.6666666666666666,30.227272727272727
C00297,15,163,4659,Month-to-month,Credit Card,No,0,0,2445,163,Developing,10.866666666666667,310.6
C00298,66,136,7139,Month-to-month,Bank Transfer,No,0,0,8976,136,Loyal,2.0606060606060606,108.16666666666667
C00299,47,193,5219,Two year,Credit Card,No,1,0,9071,193,Established,4.1063829787234045,111.04255319148936
C00300,26,93,3151,One year,Electronic Check,Yes,0,0,2418,93,Established,3.576923076923077,121.1923076923077
C00301,14,176,5655,One year,Credit Card,Yes,1,0,2464,176,Developing,12.571428571428571,403.92857142857144
C00302,65,84,1193,Month-to-month,Electronic Check,No,1,0,5460,84,Loyal,1.2923076923076924,18.353846153846153
C00303,58,128,7204,Month-to-month,Bank Transfer,Yes,0,0,7424,128,Loyal,2.206896551724138,124.20689655172414
C00304,21,179,840,One year,Bank Transfer,Yes,1,0,3759,179,Developing,8.523809523809524,40.0
C00305,61,61,7474,Month-to-month,Credit Card,No,1,0,3721,61,Loyal,1.0,122.52459016393442
C00306,11,88,7410,One year,Credit Card,No,0,0,968,88,New,8.0,673.6363636363636
C00307,20,107,2288,Two year,Bank Transfer,Yes,1,0,2140,107,Developing,5.35,114.4
C00308,55,169,1513,Two year,Electronic Check,No,0,0,9295,169,Loyal,3.0727272727272728,27.509090909090908
C00309,9,149,1431,Month-to-month,Electronic Check,No,0,1,1341,149,New,16.555555555555557,159.0
C00310,41,98,7631,One year,Bank Transfer,Yes,0,0,4018,98,Established,2.3902439024390243,186.1219512195122
C00311,58,72,6062,Month-to-month,Bank Transfer,No,0,0,4176,72,Loyal,1.2413793103448276,104.51724137931035
C00312,61,177,5838,Month-to-month,Credit Card,Yes,1,0,10797,177,Loyal,2.901639344262295,95.70491803278688
C00313,32,100,7901,One year,Credit Card,Yes,0,0,3200,100,Established,3.125,246.90625
C00314,46,192,169,Month-to-month,Bank Transfer,Yes,0,0,8832,192,Established,4.173913043478261,3.6739130434782608
C00315,28,185,4320,One year,Credit Card,No,0,0,5180,185,Established,6.607142857142857,154.28571428571428
C00316,39,166,805,One year,Credit Card,No,1,0,6474,166,Established,4.256410256410256,20.641025641025642
C00317,61,99,6541,Month-to-month,Electronic Check,No,0,0,6039,99,Loyal,1.6229508196721312,107.22950819672131
C00318,38,63,5531,Month-to-month,Electronic Check,No,1,0,2394,63,Established,1.6578947368421053,145.55263157894737
C00319,34,90,7911,Month-to-month,Electronic Check,No,0,0,3060,90,Established,2.6470588235294117,232.6764705882353
C00320,43,63,4351,Two year,Bank Transfer,Yes,0,0,2709,63,Established,1.4651162790697674,101.18604651162791
C00321,25,156,3381,One year,Bank Transfer,No,1,0,3900,156,Established,6.24,135.24
C00322,52,60,2095,Two year,Bank Transfer,Yes,1,0,3120,60,Loyal,1.1538461538461537,40.28846153846154
C00323,18,147,2845,Month-to-month,Bank Transfer,Yes,0,0,2646,147,Developing,8.166666666666666,158.05555555555554
C00324,9,55,4064,Month-to-month,Bank Transfer,Yes,0,1,495,55,New,6.111111111111111,451.55555555555554
C00325,57,80,177,One year,Credit Card,No,0,0,4560,80,Loyal,1.4035087719298245,3.1052631578947367
C00326,45,125,5533,One year,Credit Card,No,0,0,5625,125,Established,2.7777777777777777,122.95555555555555
C00327,51,98,6795,Two year,Credit Card,Yes,1,0,4998,98,Loyal,1.9215686274509804,133.23529411764707
C00328,57,115,7867,Month-to-month,Electronic Check,Yes,0,0,6555,115,Loyal,2.017543859649123,138.01754385964912
C00329,29,90,2039,One year,Credit Card,No,0,0,2610,90,Established,3.103448275862069,70.3103448275862
C00330,50,151,3525,One year,Electronic Check,Yes,0,0,7550,151,Loyal,3.02,70.5
C00331,25,180,6676,Two year,Electronic Check,No,1,0,4500,180,Established,7.2,267.04
C00332,55,84,4026,Month-to-month,Credit Card,Yes,0,0,4620,84,Loyal,1.5272727272727273,73.2
C00333,31,40,7644,One year,Credit Card,No,0,0,1240,40,Established,1.2903225806451613,246.58064516129033
C00334,11,185,7387,One year,Bank Transfer,Yes,0,0,2035,185,New,16.818181818181817,671.5454545454545
C00335,43,70,1690,Month-to-month,Bank Transfer,No,1,0,3010,70,Established,1.627906976744186,39.30232558139535
C00336,18,188,2878,Month-to-month,Electronic Check,No,0,0,3384,188,Developing,10.444444444444445,159.88888888888889
C00337,9,24,3090,Two year,Electronic Check,No,1,0,216,24,New,2.6666666666666665,343.3333333333333
C00338,6,161,458,Month-to-month,Electronic Check,Yes,0,1,966,161,New,26.833333333333332,76.33333333333333
C00339,28,95,6110,One year,Electronic Check,No,1,0,2660,95,Established,3.392857142857143,218.21428571428572
C00340,4,20,5182,Two year,Bank Transfer,Yes,1,0,80,20,New,5.0,1295.5
C00341,68,46,7768,Month-to-month,Electronic Check,No,0,0,3128,46,Loyal,0.6764705882352942,114.23529411764706
C00342,58,142,1452,One year,Credit Card,Yes,1,0,8236,142,Loyal,2.4482758620689653,25.03448275862069
C00343,67,67,1052,Month-to-month,Electronic Check,Yes,1,0,4489,67,Loyal,1.0,15.701492537313433
C00344,32,80,2998,Two year,Electronic Check,Yes,1,0,2560,80,Established,2.5,93.6875
C00345,65,29,3138,One year,Bank Transfer,No,1,0,1885,29,Loyal,0.4461538461538462,48.276923076923076
C00346,10,89,6631,Month-to-month,Electronic Check,No,0,1,890,89,New,8.9,663.1
C00347,65,178,4809,One year,Electronic Check,No,0,0,11570,178,Loyal,2.7384615384615385,73.98461538461538
C00348,3,129,7607,Month-to-month,Bank Transfer,No,1,1,387,129,New,43.0,2535.6666666666665
C00349,32,138,714,One year,Electronic Check,No,0,0,4416,138,Established,4.3125,22.3125
C00350,54,181,6354,Month-to-month,Electronic Check,Yes,0,0,9774,181,Loyal,3.3518518518518516,117.66666666666667
C00351,57,187,774,One year,Bank Transfer,Yes,0,0,10659,187,Loyal,3.280701754385965,13.578947368421053
C00352,34,38,7888,Month-to-month,Credit Card,Yes,1,0,1292,38,Established,1.1176470588235294,232.0
C00353,6,137,4804,One year,Electronic Check,Yes,0,1,822,137,New,22.833333333333332,800.6666666666666
C00354,7,54,1631,One year,Credit Card,Yes,1,0,378,54,New,7.714285714285714,233.0
C00355,39,170,4762,Month-to-month,Electronic Check,No,0,0,6630,170,Established,4.358974358974359,122.1025641025641
C00356,44,68,1931,Two year,Bank Transfer,No,1,0,2992,68,Established,1.5454545454545454,43.88636363636363
C00357,47,46,7361,One year,Credit Card,Yes,1,0,2162,46,Established,0.9787234042553191,156.61702127659575
C00358,66,184,1534,Month-to-month,Electronic Check,Yes,0,0,12144,184,Loyal,2.787878787878788,23.242424242424242
C00359,46,119,656,Month-to-month,Bank Transfer,No,1,0,5474,119,Established,2.5869565217391304,14.26086956521739
C00360,49,168,4471,Two year,Bank Transfer,Yes,1,0,8232,168,Loyal,3.4285714285714284,91.24489795918367
C00361,45,118,4416,Two year,Bank Transfer,No,0,0,5310,118,Established,2.6222222222222222,98.13333333333334
C00362,5,134,3651,One year,Credit Card,Yes,1,1,670,134,New,26.8,730.2
C00363,30,138,1585,One year,Bank Transfer,Yes,0,0,4140,138,Established,4.6,52.833333333333336
C00364,48,53,7371,Two year,Credit Card,No,0,0,2544,53,Established,1.1041666666666667,153.5625
C00365,17,24,1389,One year,Bank Transfer,No,0,0,408,24,Developing,1.411764705882353,81.70588235294117
C00366,17,124,1196,Month-to-month,Credit Card,No,1,0,2108,124,Developing,7.294117647058823,70.3529411764706
C00367,33,101,2979,Two year,Credit Card,Yes,0,0,3333,101,Established,3.0606060606060606,90.27272727272727
C00368,10,81,5158,One year,Electronic Check,Yes,1,0,810,81,New,8.1,515.8
C00369,37,58,5083,Month-to-month,Credit Card,No,1,0,2146,58,Established,1.5675675675675675,137.3783783783784
C00370,32,148,2526,Two year,Electronic Check,No,1,0,4736,148,Established,4.625,78.9375
C00371,20,49,5058,One year,Electronic Check,No,1,0,980,49,Developing,2.45,252.9
C00372,14,27,2388,Two year,Bank Transfer,Yes,0,0,378,27,Developing,1.9285714285714286,170.57142857142858
C00373,57,126,1514,Month-to-month,Bank Transfer,Yes,0,0,7182,126,Loyal,2.210526315789474,26.56140350877193
C00374,40,130,5612,One year,Electronic Check,Yes,1,0,5200,130,Established,3.25,140.3
C00375,29,20,4628,One year,Bank Transfer,Yes,1,0,580,20,Established,0.6896551724137931,159.58620689655172
C00376,33,196,2107,One year,Bank Transfer,Yes,0,0,6468,196,Established,5.9393939393939394,63.84848484848485
C00377,36,192,3483,One year,Electronic Check,No,0,0,6912,192,Established,5.333333333333333,96.75
C00378,31,181,4712,Two year,Bank Transfer,No,1,0,5611,181,Established,5.838709677419355,152.0
C00379,41,76,4187,Two year,Bank Transfer,No,1,0,3116,76,Established,1.853658536585366,102.1219512195122
C00380,21,180,3061,One year,Bank Transfer,No,0,0,3780,180,Developing,8.571428571428571,145.76190476190476
C00381,68,67,2144,Two year,Credit Card,Yes,1,0,4556,67,Loyal,0.9852941176470589,31.529411764705884
C00382,67,64,5558,One year,Credit Card,Yes,0,0,4288,64,Loyal,0.9552238805970149,82.95522388059702
C00383,24,185,1550,Two year,Electronic Check,No,1,0,4440,185,Developing,7.708333333333333,64.58333333333333
C00384,47,187,4343,One year,Bank Transfer,Yes,1,0,8789,187,Established,3.978723404255319,92.40425531914893
C00385,1,188,7165,Month-to-month,Bank Transfer,No,0,1,188,188,New,188.0,7165.0
C00386,25,90,1649,Month-to-month,Credit Card,No,1,0,2250,90,Established,3.6,65.96
C00387,70,168,2375,One year,Bank Transfer,Yes,0,0,11760,168,Loyal,2.4,33.92857142857143
C00388,42,156,2302,Two year,Electronic Check,No,0,0,6552,156,Established,3.7142857142857144,54.80952380952381
C00389,42,126,5532,Month-to-month,Credit Card,No,0,0,5292,126,Established,3.0,131.71428571428572
C00390,4,105,2534,Month-to-month,Electronic Check,Yes,0,1,420,105,New,26.25,633.5
C00391,3,79,1299,One year,Credit Card,No,1,0,237,79,New,26.333333333333332,433.0
C00392,56,147,253,Month-to-month,Credit Card,Yes,0,0,8232,147,Loyal,2.625,4.517857142857143
C00393,6,63,2156,Month-to-month,Credit Card,Yes,1,1,378,63,New,10.5,359.3333333333333
C00394,22,65,1947,Month-to-month,Bank Transfer,Yes,1,0,1430,65,Developing,2.9545454545454546,88.5
C00395,61,116,6302,One year,Electronic Check,Yes,0,0,7076,116,Loyal,1.901639344262295,103.31147540983606
C00396,57,134,2241,Month-to-month,Electronic Check,Yes,1,0,7638,134,Loyal,2.3508771929824563,39.31578947368421
C00397,5,39,3370,Month-to-month,Credit Card,Yes,0,1,195,39,New,7.8,674.0
C00398,59,95,7232,Two year,Credit Card,Yes,1,0,5605,95,Loyal,1.6101694915254237,122.57627118644068
C00399,62,159,446,One year,Bank Transfer,No,0,0,9858,159,Loyal,2.564516129032258,7.193548387096774
C00400,53,27,4429,Two year,Electronic Check,No,0,0,1431,27,Loyal,0.5094339622641509,83.56603773584905
C00401,6,198,6427,Month-to-month,Credit Card,No,1,1,1188,198,New,33.0,1071.1666666666667
C00402,45,199,7564,Month-to-month,Credit Card,Yes,0,0,8955,199,Established,4.4222222222222225,168.0888888888889
C00403,69,115,4730,One year,Credit Card,Yes,1,0,7935,115,Loyal,1.6666666666666667,68.55072463768116
C00404,20,37,4631,Month-to-month,Electronic Check,No,0,0,740,37,Developing,1.85,231.55
C00405,25,184,7662,Month-to-month,Credit Card,No,1,0,4600,184,Established,7.36,306.48
C00406,45,104,2541,Month-to-month,Electronic Check,No,1,0,4680,104,Established,2.311111111111111,56.46666666666667
C00407,3,75,3048,One year,Electronic Check,No,0,0,225,75,New,25.0,1016.0
C00408,5,44,7840,One year,Credit Card,No,0,0,220,44,New,8.8,1568.0
C00409,48,46,6056,Month-to-month,Bank Transfer,No,0,0,2208,46,Established,0.9583333333333334,126.16666666666667
C00410,48,149,7690,Month-to-month,Bank Transfer,Yes,1,0,7152,149,Established,3.1041666666666665,160.20833333333334
C00411,23,134,4413,One year,Electronic Check,No,1,0,3082,134,Developing,5.826086956521739,191.8695652173913
C00412,48,95,1168,One year,Bank Transfer,Yes,0,0,4560,95,Established,1.9791666666666667,24.333333333333332
C00413,64,131,3127,Two year,Electronic Check,No,0,0,8384,131,Loyal,2.046875,48.859375
C00414,2,158,3460,Two year,Electronic Check,No,0,0,316,158,New,79.0,1730.0
C00415,48,87,6197,One year,Credit Card,Yes,1,0,4176,87,Established,1.8125,129.10416666666666
C00416,48,151,530,Two year,Credit Card,Yes,0,0,7248,151,Established,3.1458333333333335,11.041666666666666
C00417,51,83,7409,Two year,Bank Transfer,Yes,0,0,4233,83,Loyal,1.6274509803921569,145.27450980392157
C00418,59,183,4605,One year,Electronic Check,Yes,0,0,10797,183,Loyal,3.1016949152542375,78.05084745762711
C00419,35,113,6754,Month-to-month,Bank Transfer,No,1,0,3955,113,Established,3.2285714285714286,192.97142857142856
C00420,18,53,6260,Month-to-month,Bank Transfer,Yes,0,0,954,53,Developing,2.9444444444444446,347.77777777777777
C00421,39,146,3886,One year,Bank Transfer,Yes,1,0,5694,146,Established,3.7435897435897436,99.64102564102564
C00422,14,158,1718,One year,Bank Transfer,No,1,0,2212,158,Developing,11.285714285714286,122.71428571428571
C00423,5,172,2066,One year,Bank Transfer,No,1,0,860,172,New,34.4,413.2
C00424,5,93,3720,Month-to-month,Credit Card,Yes,0,1,465,93,New,18.6,744.0
C00425,52,47,7270,Two year,Electronic Check,Yes,0,0,2444,47,Loyal,0.9038461538461539,139.80769230769232
C00426,54,61,1714,Month-to-month,Bank Transfer,No,1,0,3294,61,Loyal,1.1296296296296295,31.74074074074074
C00427,34,191,4220,One year,Bank Transfer,Yes,0,0,6494,191,Established,5.617647058823529,124.11764705882354
C00428,3,178,1423,Month-to-month,Credit Card,Yes,1,1,534,178,New,59.333333333333336,474.3333333333333
C00429,36,169,7102,One year,Electronic Check,No,1,0,6084,169,Established,4.694444444444445,197.27777777777777
C00430,10,21,4968,One year,Electronic Check,No,1,0,210,21,New,2.1,496.8
C00431,70,156,2011,Two year,Credit Card,Yes,0,0,10920,156,Loyal,2.2285714285714286,28.728571428571428
C00432,62,116,2103,One year,Electronic Check,No,1,0,7192,116,Loyal,1.8709677419354838,33.91935483870968
C00433,14,162,325,Two year,Credit Card,Yes,0,0,2268,162,Developing,11.571428571428571,23.214285714285715
C00434,67,21,5850,Two year,Electronic Check,Yes,0,0,1407,21,Loyal,0.31343283582089554,87.31343283582089
C00435,8,152,499,Month-to-month,Electronic Check,No,0,1,1216,152,New,19.0,62.375
C00436,29,151,1329,Month-to-month,Bank Transfer,Yes,1,0,4379,151,Established,5.206896551724138,45.827586206896555
C00437,30,100,3098,Month-to-month,Electronic Check,No,0,0,3000,100,Established,3.3333333333333335,103.26666666666667
C00438,68,93,3075,Month-to-month,Credit Card,Yes,0,0,6324,93,Loyal,1.3676470588235294,45.220588235294116
C00439,46,76,5865,One year,Electronic Check,No,1,0,3496,76,Established,1.6521739130434783,127.5
C00440,60,47,6373,Month-to-month,Credit Card,No,1,0,2820,47,Loyal,0.7833333333333333,106.21666666666667
C00441,61,26,3471,One year,Credit Card,No,0,0,1586,26,Loyal,0.4262295081967213,56.90163934426229
C00442,52,70,5784,Two year,Electronic Check,No,0,0,3640,70,Loyal,1.3461538461538463,111.23076923076923
C00443,29,85,5965,Two year,Credit Card,No,0,0,2465,85,Established,2.9310344827586206,205.68965517241378
C00444,59,126,6287,One year,Credit Card,No,1,0,7434,126,Loyal,2.135593220338983,106.55932203389831
C00445,58,150,5290,One year,Credit Card,No,1,0,8700,150,Loyal,2.586206896551724,91.20689655172414
C00446,8,168,7608,Two year,Credit Card,No,0,0,1344,168,New,21.0,951.0
C00447,13,190,6568,Month-to-month,Electronic Check,Yes,1,0,2470,190,Developing,14.615384615384615,505.2307692307692
C00448,50,190,6770,Month-to-month,Credit Card,No,1,0,9500,190,Loyal,3.8,135.4
C00449,59,165,7758,One year,Electronic Check,Yes,1,0,9735,165,Loyal,2.7966101694915255,131.4915254237288
C00450,15,113,6537,Two year,Electronic Check,No,1,0,1695,113,Developing,7.533333333333333,435.8
C00451,64,57,5241,One year,Electronic Check,No,0,0,3648,57,Loyal,0.890625,81.890625
C00452,19,192,2908,One year,Credit Card,No,1,0,3648,192,Developing,10.105263157894736,153.05263157894737
C00453,36,67,4566,Month-to-month,Electronic Check,No,1,0,2412,67,Established,1.8611111111111112,126.83333333333333
C00454,68,24,3316,One year,Bank Transfer,No,0,0,1632,24,Loyal,0.35294117647058826,48.76470588235294
C00455,10,34,5589,Month-to-month,Credit Card,No,0,1,340,34,New,3.4,558.9
C00456,1,30,6242,Two year,Bank Transfer,No,0,0,30,30,New,30.0,6242.0
C00457,31,160,5208,One year,Electronic Check,Yes,1,0,4960,160,Established,5.161290322580645,168.0
C00458,1,186,622,Two year,Electronic Check,Yes,1,1,186,186,New,186.0,622.0
C00459,53,102,7501,Month-to-month,Credit Card,No,1,0,5406,102,Loyal,1.9245283018867925,141.52830188679246
C00460,28,187,3207,One year,Electronic Check,Yes,0,0,5236,187,Established,6.678571428571429,114.53571428571429
C00461,49,80,3534,Month-to-month,Credit Card,No,1,0,3920,80,Loyal,1.6326530612244898,72.12244897959184
C00462,40,158,4093,One year,Electronic Check,Yes,0,0,6320,158,Established,3.95,102.325
C00463,56,143,6530,One year,Bank Transfer,Yes,1,0,8008,143,Loyal,2.5535714285714284,116.60714285714286
C00464,10,168,5667,One year,Electronic Check,Yes,1,1,1680,168,New,16.8,566.7
C00465,63,125,6204,Month-to-month,Bank Transfer,No,0,0,7875,125,Loyal,1.9841269841269842,98.47619047619048
C00466,38,59,3970,One year,Credit Card,No,0,0,2242,59,Established,1.5526315789473684,104.47368421052632
C00467,46,37,5635,Two year,Electronic Check,No,0,0,1702,37,Established,0.8043478260869565,122.5
C00468,23,23,4012,One year,Electronic Check,Yes,1,0,529,23,Developing,1.0,174.43478260869566
C00469,53,146,6760,One year,Bank Transfer,Yes,1,0,7738,146,Loyal,2.7547169811320753,127.54716981132076
C00470,6,115,4534,Month-to-month,Bank Transfer,Yes,1,1,690,115,New,19.166666666666668,755.6666666666666
C00471,2,194,5397,Month-to-month,Electronic Check,Yes,0,1,388,194,New,97.0,2698.5
C00472,52,55,2628,Month-to-month,Credit Card,No,1,0,2860,55,Loyal,1.0576923076923077,50.53846153846154
C00473,45,187,1946,One year,Electronic Check,Yes,0,0,8415,187,Established,4.155555555555556,43.24444444444445
C00474,13,106,5999,Two year,Credit Card,No,1,0,1378,106,Developing,8.153846153846153,461.46153846153845
C00475,19,82,7583,Month-to-month,Credit Card,Yes,0,0,1558,82,Developing,4.315789473684211,399.10526315789474
C00476,44,24,6003,Two year,Credit Card,Yes,1,0,1056,24,Established,0.5454545454545454,136.4318181818182
C00477,14,131,903,Two year,Electronic Check,Yes,1,0,1834,131,Developing,9.357142857142858,64.5
C00478,29,117,3187,Two year,Electronic Check,Yes,1,0,3393,117,Established,4.0344827586206895,109.89655172413794
C00479,32,59,4807,Month-to-month,Credit Card,No,1,0,1888,59,Established,1.84375,150.21875
C00480,11,160,4666,Two year,Credit Card,No,0,1,1760,160,New,14.545454545454545,424.1818181818182
C00481,69,58,3105,One year,Electronic Check,Yes,0,0,4002,58,Loyal,0.8405797101449275,45.0
C00482,32,199,5789,Month-to-month,Electronic Check,Yes,0,0,6368,199,Established,6.21875,180.90625
C00483,13,189,6302,Two year,Bank Transfer,No,0,0,2457,189,Developing,14.538461538461538,484.7692307692308
C00484,27,147,7103,Two year,Credit Card,Yes,1,0,3969,147,Established,5.444444444444445,263.0740740740741
C00485,50,74,7599,Month-to-month,Credit Card,No,1,0,3700,74,Loyal,1.48,151.98
C00486,66,67,6774,Month-to-month,Bank Transfer,No,1,0,4422,67,Loyal,1.0151515151515151,102.63636363636364
C00487,57,165,5425,Month-to-month,Credit Card,No,0,0,9405,165,Loyal,2.8947368421052633,95.17543859649123
C00488,9,72,2417,Month-to-month,Electronic Check,Yes,1,1,648,72,New,8.0,268.55555555555554
C00489,66,156,677,Month-to-month,Credit Card,Yes,0,0,10296,156,Loyal,2.3636363636363638,10.257575757575758
C00490,56,52,4061,One year,Electronic Check,Yes,1,0,2912,52,Loyal,0.9285714285714286,72.51785714285714
C00491,44,30,4695,One year,Credit Card,Yes,1,0,1320,30,Established,0.6818181818181818,106.70454545454545
C00492,54,123,7652,Month-to-month,Electronic Check,No,1,0,6642,123,Loyal,2.2777777777777777,141.7037037037037
C00493,2,114,5468,One year,Credit Card,Yes,1,0,228,114,New,57.0,2734.0
C00494,68,128,2102,Month-to-month,Electronic Check,Yes,1,0,8704,128,Loyal,1.8823529411764706,30.91176470588235
C00495,22,164,2339,One year,Credit Card,No,0,0,3608,164,Developing,7.454545454545454,106.31818181818181
C00496,50,128,6970,Month-to-month,Credit Card,Yes,1,0,6400,128,Loyal,2.56,139.4
C00497,2,49,5917,Two year,Bank Transfer,No,1,0,98,49,New,24.5,2958.5
C00498,46,198,2158,Month-to-month,Bank Transfer,No,0,0,9108,198,Established,4.304347826086956,46.91304347826087
C00499,1,185,5755,Two year,Credit Card,Yes,1,1,185,185,New,185.0,5755.0
C00500,27,181,4292,Month-to-month,Bank Transfer,No,1,0,4887,181,Established,6.703703703703703,158.96296296296296
