Tenure_StandardScaled,MonthlyCharges_StandardScaled,TotalCharges_StandardScaled,SeniorCitizen_StandardScaled
-1.4788065081594703,-0.9591853957110609,-1.1946210022510177,1.0040080320963853
-0.7522868690139163,-0.012290311702639832,-1.1003046928351623,1.0040080320963853
-0.4616790133556946,-1.5968902482065281,-1.2322589661024155,1.0040080320963853
0.7976216944965991,-1.6355390271456474,1.2894846119412304,1.0040080320963853
-0.9944600820624343,1.3790657301056524,-1.4235483823824602,1.0040080320963853
0.8944909797160063,-1.3456731851022532,1.4612908469334926,-0.9960079680956174
1.4272720484227461,-0.28283176427647444,-0.026515724133522142,1.0040080320963853
1.185098835374228,0.2775755303407544,-0.5091672605808574,1.0040080320963853
1.3304027632033388,0.2002779724625159,1.6539086619377046,1.0040080320963853
-1.0913293672818414,0.12298041458427747,0.7111883673538727,1.0040080320963853
1.0882295501548207,-1.0944561219979783,0.41185585484158044,-0.9960079680956174
-1.4303718655497668,-0.07026348011131868,1.3479341558045774,1.0040080320963853
0.7976216944965991,-0.5340488273807494,-0.3541874094280433,1.0040080320963853
-1.381937222940063,0.8573072144275428,0.8661682185066868,1.0040080320963853
0.7976216944965991,-1.0751317325284186,-1.5364622739366534,1.0040080320963853
1.3788374058130424,-0.7079683326067859,-0.07389527862881101,1.0040080320963853
-0.8491561542333235,1.4177145090447716,0.28167277987321665,-0.9960079680956174
0.2648406257898595,-0.2441829853373552,-0.22223313616079018,-0.9960079680956174
-1.4303718655497668,0.8186584354884235,0.5097145608552145,-0.9960079680956174
-0.5101136559653983,-0.16688542745911675,1.1646151318695344,1.0040080320963853
0.07110205535104507,0.4514950355667909,-1.4337327726010738,1.0040080320963853
-0.5585482985751018,0.12298041458427747,0.2732595879534925,-0.9960079680956174
1.1366641927645245,-1.4229707429804916,-1.0994190936857178,1.0040080320963853
-0.3163750855265838,-0.26350737480691483,-0.23374592510357065,1.0040080320963853
-0.5585482985751018,1.5336608458621293,1.4732464354509955,-0.9960079680956174
0.5070138388383775,1.301768172227414,-0.4175077486133359,1.0040080320963853
1.1366641927645245,-0.2441829853373552,-0.22001913828717853,1.0040080320963853
-0.8007215116236198,-1.1137805114675379,-0.12747402717021245,1.0040080320963853
-0.02576722986836215,1.1858218354100563,-0.24614431319579577,-0.9960079680956174
-0.12263651508776936,1.4756876774534504,1.4621764460829374,1.0040080320963853
-0.413244370745991,-0.2441829853373552,0.17938607811235938,1.0040080320963853
-1.285067937720656,1.591634014270808,0.2599756007118227,-0.9960079680956174
0.3132752683995631,1.3210925616969735,1.2801858208720616,-0.9960079680956174
-0.21950580030717656,1.5723096248012485,1.2846138166192846,1.0040080320963853
1.1366641927645245,-1.3456731851022532,-1.3000073010349313,1.0040080320963853
0.6523177666674883,0.04568285670603901,-1.5710006407649948,1.0040080320963853
0.02266741274134146,-1.3843219640413724,-1.457201150061357,-0.9960079680956174
1.2335334779839315,1.0119023301840198,0.8798950053230788,1.0040080320963853
0.6523177666674883,-0.5726976063198687,-1.496610312211644,-0.9960079680956174
-0.5101136559653983,0.7220364881406255,-1.0121875774654194,-0.9960079680956174
0.2648406257898595,-1.8094585323716839,-1.0130731766148642,1.0040080320963853
-1.4303718655497668,0.6640633197319467,-0.6805306959983974,-0.9960079680956174
1.2819681205936353,-0.47607565897207055,1.0224764683836678,-0.9960079680956174
0.2648406257898595,0.1809535829929563,-0.1438576114349385,1.0040080320963853
-0.12263651508776936,-0.3987781010938321,-0.39581056945194193,-0.9960079680956174
-0.21950580030717656,1.0891998880622582,0.23695002282626174,1.0040080320963853
-0.7038522264042126,-1.307024406163134,1.4688184397037722,1.0040080320963853
0.02266741274134146,0.9346047723057812,-0.2226759357355125,1.0040080320963853
0.94292562232571,-1.2490512377544551,-0.3816409830608275,-0.9960079680956174
0.6038831240577848,0.14230480405383708,0.4087562578185242,-0.9960079680956174
1.669445261471264,1.1278486670013774,-1.692327724238912,1.0040080320963853
-0.2679404429168802,0.7800096565493043,1.4608480473587704,1.0040080320963853
0.7976216944965991,-1.2683756272240148,-1.2136613839640777,-0.9960079680956174
0.6038831240577848,-0.8818878378328224,-0.7186114594245174,1.0040080320963853
-1.3335025803303595,0.8379828249579832,1.2328062663767727,-0.9960079680956174
0.5070138388383775,-1.152429290406657,1.1464603493059191,-0.9960079680956174
1.0397949075451172,0.14230480405383708,-0.31035025153053303,1.0040080320963853
1.0882295501548207,-0.804590279954584,1.2465330531931647,-0.9960079680956174
-0.02576722986836215,-1.4616195219196109,-0.19743635997633993,1.0040080320963853
-0.5101136559653983,1.3210925616969735,1.2558318442623335,-0.9960079680956174
-0.655417583794509,1.4177145090447716,0.6066876677194039,1.0040080320963853
-1.285067937720656,1.5723096248012485,0.020421030787044398,-0.9960079680956174
0.7976216944965991,0.2775755303407544,0.6930335847902573,-0.9960079680956174
-0.5585482985751018,1.2051462248796159,0.11429454062817748,1.0040080320963853
1.3788374058130424,1.2824437827578543,-0.042456508823525876,-0.9960079680956174
-1.6241104359885812,0.5094682039754698,-0.7513786279539696,1.0040080320963853
0.7976216944965991,-1.0171585641197398,-0.2687270915066344,-0.9960079680956174
1.2335334779839315,-0.9978341746501801,-0.5410488299608648,-0.9960079680956174
-1.6725450785982847,-0.22485859586779558,-1.2862805142185392,-0.9960079680956174
0.7976216944965991,-1.7901341429021242,1.1469031488806414,-0.9960079680956174
1.5725759762518567,0.7606852670797447,-1.2486425503671414,-0.9960079680956174
1.5241413336421532,0.7606852670797447,-1.0219291681093108,-0.9960079680956174
-1.1397640098915451,0.21960236193207552,-0.23994511914968322,1.0040080320963853
-1.6725450785982847,0.7413608776101851,-0.9741068140392994,-0.9960079680956174
1.6210106188615605,-0.7079683326067859,1.4856448235432207,-0.9960079680956174
-0.07420187247806576,1.0891998880622582,-1.4620719453833027,-0.9960079680956174
-1.5756757933788776,-1.3649975745718128,1.3567901472990238,-0.9960079680956174
0.2164059831801559,-0.08958786958087829,1.6379678772477009,1.0040080320963853
-1.381937222940063,-0.3601293221547129,-0.19743635997633993,1.0040080320963853
0.5070138388383775,0.4708194250363505,0.9600417283478199,-0.9960079680956174
-0.07420187247806576,0.49014381450591016,0.4308962365546405,-0.9960079680956174
-0.3163750855265838,0.9346047723057812,-0.1420864131360492,-0.9960079680956174
-0.4616790133556946,0.548116982914589,-1.031670758753202,1.0040080320963853
0.6523177666674883,0.5287925934450294,0.0770993763515021,-0.9960079680956174
0.700752409277192,0.43217064609723127,0.2156956432395901,1.0040080320963853
1.2819681205936353,-1.6355390271456474,1.5263823844176747,1.0040080320963853
0.3132752683995631,-0.20553420639823597,-0.6118967619164369,1.0040080320963853
0.16797134057045227,-0.1089122590504379,-0.7031134743092361,1.0040080320963853
0.2164059831801559,1.2244706143491755,-0.07212408032992171,-0.9960079680956174
-0.7522868690139163,0.23892675140163516,1.548522363153791,-0.9960079680956174
-1.6241104359885812,1.4370388985143312,-0.8040717773459264,1.0040080320963853
0.2648406257898595,0.1616291935233967,-1.30354969763271,-0.9960079680956174
-0.897590796843027,-1.6355390271456474,1.4307376762776522,-0.9960079680956174
0.8944909797160063,1.5336608458621293,0.04698900527038395,1.0040080320963853
-0.7522868690139163,0.5094682039754698,-0.4724148958789043,1.0040080320963853
-0.8007215116236198,0.7027120986710659,-1.0883491043176596,-0.9960079680956174
-1.0428947246721378,-1.4229707429804916,-1.6507045642150133,-0.9960079680956174
0.2648406257898595,1.1278486670013774,-1.359342444047723,1.0040080320963853
-1.285067937720656,0.5674413723841486,-0.391825373279441,1.0040080320963853
0.11953669796074867,-0.5726976063198687,1.4736892350257178,1.0040080320963853
1.4272720484227461,1.0891998880622582,-1.4076075976924565,1.0040080320963853
0.6523177666674883,0.3162243092798736,-1.3952092096002313,1.0040080320963853
0.3617099110092667,-0.6886439431372263,0.9436581440830938,1.0040080320963853
-1.4303718655497668,-1.4422951324500513,1.0685276241547896,1.0040080320963853
-1.6241104359885812,0.0263584672364794,0.579676893661342,-0.9960079680956174
-0.7522868690139163,-0.7466171115459052,1.234577464675662,1.0040080320963853
-1.6241104359885812,-1.055807343058859,1.2722154285270597,1.0040080320963853
-0.897590796843027,-1.1137805114675379,1.6326542823510328,-0.9960079680956174
0.5554484814480811,0.7413608776101851,-0.08673646629575846,1.0040080320963853
-0.21950580030717656,-1.7321609744934454,-0.5751443972144838,1.0040080320963853
0.2164059831801559,-0.49540004844163016,-0.3440030192094298,1.0040080320963853
0.8944909797160063,-0.5147244379111898,-0.391825373279441,1.0040080320963853
-1.0428947246721378,-0.22485859586779558,-1.1034042898582186,1.0040080320963853
-0.2679404429168802,-0.05093909064175906,-0.7522642271034142,-0.9960079680956174
-0.17107115769747297,0.895955993366662,-0.8514513318412152,-0.9960079680956174
1.6210106188615605,0.9732535512449004,0.479161390199374,-0.9960079680956174
-1.0913293672818414,1.4177145090447716,-0.8913032935662245,-0.9960079680956174
-0.07420187247806576,-0.30215615374603405,-0.09514965821548266,-0.9960079680956174
0.94292562232571,-0.5920219957894283,-1.6276789863294525,-0.9960079680956174
1.2335334779839315,-0.7466171115459052,-0.7912305896789789,-0.9960079680956174
-0.3163750855265838,-0.12823664851999753,1.1814415157089828,1.0040080320963853
-1.0428947246721378,0.644738930262387,-0.68672989004451,-0.9960079680956174
0.2164059831801559,0.007034077766919783,-0.8054001760700933,1.0040080320963853
-0.4616790133556946,-1.2297268482848955,-0.6583907172622812,1.0040080320963853
-1.5756757933788776,1.2244706143491755,-1.45587275133719,-0.9960079680956174
1.2335334779839315,1.3404169511665331,1.3151669872751253,1.0040080320963853
-0.2679404429168802,-0.9978341746501801,0.7302287490669328,1.0040080320963853
-1.1397640098915451,0.4514950355667909,1.279743021297339,-0.9960079680956174
-0.8007215116236198,1.2631193932882947,-0.6845158921708984,1.0040080320963853
-1.381937222940063,1.1664974459404966,-0.11463283950326499,-0.9960079680956174
-1.6725450785982847,0.21960236193207552,1.602986710844637,1.0040080320963853
-1.6241104359885812,-0.6693195536676667,-1.4819979262458072,1.0040080320963853
0.5554484814480811,-0.4181024905633917,0.7395275401361016,-0.9960079680956174
-1.0428947246721378,-1.654863416615207,1.032218059027559,1.0040080320963853
1.3304027632033388,-0.2441829853373552,0.6500820260421918,1.0040080320963853
0.7491870518868955,0.7413608776101851,0.03547621632760348,-0.9960079680956174
-1.285067937720656,0.39352186715811205,0.10543854913373096,-0.9960079680956174
-0.3163750855265838,1.4370388985143312,-0.06326808883547519,-0.9960079680956174
-0.4616790133556946,-0.901212227302382,-0.29706626428886324,1.0040080320963853
-1.6725450785982847,1.3597413406360928,0.34676431735739854,1.0040080320963853
0.45857919622867394,-0.031614701172199444,1.1420323535586958,-0.9960079680956174
-1.2366332951109522,0.0263584672364794,-1.1180166758240555,1.0040080320963853
1.3304027632033388,1.0312267196535794,-0.2483583110694074,-0.9960079680956174
1.3788374058130424,-1.2877000166935744,0.5765772966382857,1.0040080320963853
-0.7522868690139163,1.147173056470937,1.5113271988771155,-0.9960079680956174
-0.36480972813628737,-1.3843219640413724,-0.965250822544853,1.0040080320963853
-1.4788065081594703,0.37419747768855244,1.4214388852084834,-0.9960079680956174
-0.12263651508776936,-1.7321609744934454,-0.9891619995798586,1.0040080320963853
-0.8007215116236198,0.007034077766919783,-1.3230328789204924,-0.9960079680956174
0.2648406257898595,0.3548730882189928,-0.4865844822700187,-0.9960079680956174
-1.5272411507691739,-0.16688542745911675,0.7647671158952741,-0.9960079680956174
0.4101445536189703,0.49014381450591016,1.5126555976012825,1.0040080320963853
-0.7522868690139163,0.8186584354884235,0.9423297453589269,-0.9960079680956174
0.02266741274134146,0.8573072144275428,-0.3909397741299963,-0.9960079680956174
1.5241413336421532,-1.4229707429804916,0.7448411350327695,1.0040080320963853
-0.5101136559653983,0.6640633197319467,0.1607884959740217,-0.9960079680956174
-0.5101136559653983,-0.6886439431372263,0.6173148575127396,1.0040080320963853
-1.7209797212079883,-0.5340488273807494,1.319152183447626,-0.9960079680956174
0.5070138388383775,1.3210925616969735,-0.4374337294758405,1.0040080320963853
-0.3163750855265838,0.7800096565493043,-0.06282528926075287,-0.9960079680956174
0.700752409277192,-0.6886439431372263,-1.440817565796631,1.0040080320963853
-1.1397640098915451,-0.45675126950251094,-1.7228808948947525,-0.9960079680956174
1.3304027632033388,1.3790657301056524,-0.1425292127107715,1.0040080320963853
1.1366641927645245,1.1085242775318178,-1.779116440884488,1.0040080320963853
1.5725759762518567,-1.2683756272240148,-0.36260060134776745,1.0040080320963853
0.16797134057045227,-0.16688542745911675,-1.5262778837180397,-0.9960079680956174
-0.655417583794509,-0.07026348011131868,1.1004091935347973,1.0040080320963853
0.2648406257898595,-0.6499951641981071,0.7058747724572049,1.0040080320963853
-1.1397640098915451,-0.28283176427647444,-0.5755871967892062,-0.9960079680956174
-0.6069829411848054,-0.5726976063198687,1.170814325915647,-0.9960079680956174
-0.7038522264042126,-1.0171585641197398,0.49820177191243403,1.0040080320963853
-1.285067937720656,0.0263584672364794,-0.23064632808051436,-0.9960079680956174
1.2335334779839315,0.895955993366662,-1.0746223175012675,1.0040080320963853
-1.5272411507691739,0.6060901513232678,-1.3938808108760643,1.0040080320963853
-0.8007215116236198,-0.7272927220763455,0.9556137326005967,1.0040080320963853
1.5241413336421532,-0.901212227302382,-1.08082151154738,1.0040080320963853
0.2648406257898595,-1.2297268482848955,-1.7529912659758706,-0.9960079680956174
-1.6241104359885812,1.2824437827578543,-0.44540412182084244,-0.9960079680956174
1.5241413336421532,1.5336608458621293,-0.42193574436055914,-0.9960079680956174
0.7491870518868955,-1.4422951324500513,-0.44496132224612006,1.0040080320963853
-1.5756757933788776,0.41284625662767166,0.22322323600986965,1.0040080320963853
-1.1397640098915451,-0.9591853957110609,0.026177425258434635,1.0040080320963853
0.94292562232571,0.7220364881406255,-1.55107465990249,1.0040080320963853
1.185098835374228,-1.6355390271456474,-0.8625213212092734,-0.9960079680956174
0.5070138388383775,0.3162243092798736,-0.8629641207839956,-0.9960079680956174
1.0882295501548207,-0.3987781010938321,1.3745021302879168,-0.9960079680956174
0.5070138388383775,1.649607182679487,1.1809987161342606,1.0040080320963853
0.6038831240577848,0.9539291617753408,-0.20452115317189715,-0.9960079680956174
-0.2679404429168802,-0.26350737480691483,0.32462433862128226,-0.9960079680956174
0.7491870518868955,1.3790657301056524,1.369188535391249,-0.9960079680956174
0.45857919622867394,-1.210402458815336,-1.6701877455027958,-0.9960079680956174
0.3132752683995631,-1.5968902482065281,1.6623218538574287,-0.9960079680956174
1.3788374058130424,0.8573072144275428,-0.232860325954126,-0.9960079680956174
1.669445261471264,0.4708194250363505,0.8825518027714129,-0.9960079680956174
-0.4616790133556946,0.14230480405383708,0.03503341675288115,-0.9960079680956174
-0.3163750855265838,0.37419747768855244,-0.5352924354894746,1.0040080320963853
0.02266741274134146,0.7413608776101851,-0.6588335168370035,-0.9960079680956174
0.02266741274134146,-1.5389170797978493,1.2173082812614913,1.0040080320963853
-1.6241104359885812,-0.9785097851806205,-1.1968350001246295,-0.9960079680956174
0.2648406257898595,0.5674413723841486,1.3603325438968024,-0.9960079680956174
0.6523177666674883,1.0891998880622582,-0.4662157018327917,-0.9960079680956174
0.6523177666674883,1.0698754985926986,-1.8061272149425498,-0.9960079680956174
-0.36480972813628737,1.4563632879838908,0.3529635114035111,1.0040080320963853
-1.0428947246721378,-1.1331049009370975,0.5238841472463289,-0.9960079680956174
1.5725759762518567,-1.4229707429804916,-0.37278499156638095,-0.9960079680956174
1.5725759762518567,-0.3794537116242725,0.676207200950809,-0.9960079680956174
0.9913602649354136,-1.5775658587369685,0.05008860229344023,-0.9960079680956174
1.6210106188615605,1.1085242775318178,0.24934841091848686,-0.9960079680956174
0.45857919622867394,1.649607182679487,-0.09514965821548266,-0.9960079680956174
1.3788374058130424,-0.6113463852589879,1.5516219601768473,-0.9960079680956174
1.3788374058130424,-0.012290311702639832,-0.5676168044442044,-0.9960079680956174
0.700752409277192,0.895955993366662,0.017764233338710442,1.0040080320963853
0.3617099110092667,-1.055807343058859,-1.0383127523740368,-0.9960079680956174
-1.4303718655497668,0.548116982914589,-0.5042964652589117,1.0040080320963853
1.0882295501548207,-1.6355390271456474,-1.2597125397351996,-0.9960079680956174
-1.381937222940063,-0.22485859586779558,-0.9196424663484534,1.0040080320963853
-1.285067937720656,0.7413608776101851,0.4481654199688112,1.0040080320963853
1.4757066910324497,1.3210925616969735,0.8657254189319644,-0.9960079680956174
0.4101445536189703,1.2244706143491755,-0.5078388618566904,-0.9960079680956174
-0.17107115769747297,1.6302827932099273,-0.8908604939915022,-0.9960079680956174
0.9913602649354136,0.08433163564515823,0.519898951073828,1.0040080320963853
1.4757066910324497,-1.4809439113891705,-1.3243612776446592,1.0040080320963853
-0.2679404429168802,-0.8432390588937032,-1.3203760814721583,-0.9960079680956174
-0.8491561542333235,-1.3649975745718128,0.83251545082779,-0.9960079680956174
0.16797134057045227,0.8186584354884235,1.2336918655262172,-0.9960079680956174
-0.6069829411848054,0.548116982914589,1.2283782706295494,-0.9960079680956174
0.9913602649354136,0.1809535829929563,0.7049891733077602,-0.9960079680956174
0.7976216944965991,1.3404169511665331,-0.09514965821548266,1.0040080320963853
-0.6069829411848054,-1.5775658587369685,-1.1525550426523967,1.0040080320963853
-0.21950580030717656,0.6833877092015063,0.5486809234307791,1.0040080320963853
-0.17107115769747297,-0.28283176427647444,-0.44850371884389867,1.0040080320963853
-0.8007215116236198,0.7220364881406255,-0.6893866874928439,1.0040080320963853
-1.1881986525012487,-1.1910780693457763,1.426309680530429,-0.9960079680956174
1.185098835374228,-1.7321609744934454,-1.780444839608655,1.0040080320963853
1.3788374058130424,-0.3794537116242725,1.3040969979070671,1.0040080320963853
-1.1397640098915451,0.0263584672364794,0.9153189713008649,1.0040080320963853
1.185098835374228,-1.210402458815336,-1.5178646917983156,-0.9960079680956174
-0.17107115769747297,0.7220364881406255,1.0924388011897954,1.0040080320963853
-0.7522868690139163,0.4708194250363505,0.9591561291983752,1.0040080320963853
0.94292562232571,-0.1089122590504379,0.9476433402555947,1.0040080320963853
1.5725759762518567,0.14230480405383708,1.5192975912221174,-0.9960079680956174
-0.9944600820624343,1.591634014270808,1.5347955763373988,-0.9960079680956174
-0.413244370745991,-1.558241469267409,-1.3898956147035635,1.0040080320963853
0.7976216944965991,0.1809535829929563,0.14307651298512866,1.0040080320963853
-0.655417583794509,-0.18620981692867636,-0.5521188193289229,-0.9960079680956174
-1.0428947246721378,-1.0364829535892994,-0.5339640367653076,1.0040080320963853
0.3132752683995631,0.3162243092798736,1.1593015369728665,-0.9960079680956174
1.1366641927645245,-1.2683756272240148,0.22543723388348128,1.0040080320963853
0.5554484814480811,-0.6693195536676667,-0.5113812584544689,1.0040080320963853
1.0397949075451172,-0.45675126950251094,-0.17573918081494597,1.0040080320963853
-0.6069829411848054,-1.2683756272240148,-1.1507838443535074,-0.9960079680956174
-1.3335025803303595,0.4708194250363505,-1.6484905663414018,-0.9960079680956174
0.8944909797160063,-0.8239146694241436,-1.0064311829940293,1.0040080320963853
-0.5101136559653983,1.3210925616969735,-0.1575843982513306,-0.9960079680956174
-0.2679404429168802,-0.49540004844163016,-0.0034901462479611984,1.0040080320963853
-0.36480972813628737,1.243795003818735,1.6485950670410365,-0.9960079680956174
1.3788374058130424,-1.6162146376760878,1.1207779739720243,-0.9960079680956174
0.6523177666674883,0.12298041458427747,-1.0622239294090423,-0.9960079680956174
0.8460563371063028,1.49501206692301,1.0787120143734032,1.0040080320963853
-0.2679404429168802,-0.553373216850309,-1.019715170235699,-0.9960079680956174
0.6038831240577848,-1.403646353510932,1.2708870298028927,1.0040080320963853
0.3617099110092667,1.2051462248796159,-0.07478087777825566,-0.9960079680956174
-1.7209797212079883,-1.4422951324500513,-0.8009721803228701,1.0040080320963853
1.669445261471264,0.8186584354884235,-1.516979092648871,-0.9960079680956174
-0.12263651508776936,1.1278486670013774,-1.159639835847954,1.0040080320963853
-1.4788065081594703,0.0263584672364794,-1.1339574605140592,1.0040080320963853
-0.36480972813628737,-0.4181024905633917,-1.0830355094209916,-0.9960079680956174
1.5725759762518567,1.2244706143491755,-0.923184862946232,-0.9960079680956174
-0.8491561542333235,-0.9785097851806205,-1.3513720517027212,1.0040080320963853
0.3132752683995631,-0.6306707747285475,1.3058681962059564,1.0040080320963853
-1.381937222940063,0.895955993366662,1.3036541983323449,1.0040080320963853
0.3132752683995631,-0.553373216850309,0.8652826193572422,1.0040080320963853
-0.36480972813628737,-0.9591853957110609,0.8382718452991803,-0.9960079680956174
1.4757066910324497,0.548116982914589,-1.4301903760032952,1.0040080320963853
1.4272720484227461,1.591634014270808,-0.5530044184783676,-0.9960079680956174
0.6038831240577848,-0.3794537116242725,0.12536452999623562,1.0040080320963853
1.0397949075451172,1.1664974459404966,-1.215432582262967,-0.9960079680956174
-1.6241104359885812,-0.804590279954584,0.019535431637599746,-0.9960079680956174
1.4272720484227461,0.2775755303407544,1.2615882387337238,1.0040080320963853
0.9913602649354136,-1.3649975745718128,0.8728102121275216,1.0040080320963853
-0.9460254394527307,-1.7128365850238858,1.5591495529471269,1.0040080320963853
-0.897590796843027,0.8573072144275428,1.4333944737259863,-0.9960079680956174
-1.6725450785982847,-1.1137805114675379,1.4413648660709881,1.0040080320963853
-1.1397640098915451,-0.3794537116242725,-1.7609616583208725,-0.9960079680956174
-0.5101136559653983,1.1085242775318178,1.018491272211167,-0.9960079680956174
0.5554484814480811,-0.6499951641981071,0.8626258219089082,1.0040080320963853
-1.2366332951109522,-1.0364829535892994,-1.5988970139725014,-0.9960079680956174
0.2648406257898595,-0.5920219957894283,-1.3571284461741113,-0.9960079680956174
-0.7038522264042126,-1.0751317325284186,0.9892665002794934,1.0040080320963853
0.9913602649354136,0.1809535829929563,0.5668357059943945,1.0040080320963853
1.2819681205936353,1.2244706143491755,0.5911896826041224,-0.9960079680956174
1.3788374058130424,-1.055807343058859,0.9662409223939324,-0.9960079680956174
-1.1397640098915451,0.5094682039754698,-1.5546170565002686,-0.9960079680956174
1.6210106188615605,0.2775755303407544,0.5247697463957736,-0.9960079680956174
-1.4788065081594703,-1.055807343058859,1.0711844216031237,-0.9960079680956174
1.4272720484227461,-1.3456731851022532,-0.9931471957523595,-0.9960079680956174
-1.0428947246721378,0.9539291617753408,0.1864708713079166,-0.9960079680956174
1.4272720484227461,0.43217064609723127,1.2846138166192846,-0.9960079680956174
0.5070138388383775,1.5336608458621293,0.4344386331524191,1.0040080320963853
-0.5101136559653983,-0.3987781010938321,-0.48127088737335083,-0.9960079680956174
-1.0913293672818414,1.2051462248796159,0.6274992477313531,1.0040080320963853
1.3788374058130424,-0.5726976063198687,-1.348272454679665,1.0040080320963853
1.0397949075451172,0.2775755303407544,1.313395788976236,-0.9960079680956174
-0.7522868690139163,1.2631193932882947,-1.504580704556646,1.0040080320963853
1.185098835374228,-1.0171585641197398,1.432951674151264,1.0040080320963853
-1.2366332951109522,-0.49540004844163016,1.4046125013690351,-0.9960079680956174
-0.8007215116236198,-0.12823664851999753,-0.863406920358718,1.0040080320963853
0.8944909797160063,1.0698754985926986,-1.2065765907685206,-0.9960079680956174
-1.3335025803303595,0.6833877092015063,-1.2428861558957514,-0.9960079680956174
0.2164059831801559,-0.30215615374603405,1.5024712073826691,-0.9960079680956174
1.0397949075451172,-0.804590279954584,0.8077186746433398,-0.9960079680956174
1.185098835374228,1.2244706143491755,0.7085315699055388,1.0040080320963853
-0.21950580030717656,-0.26350737480691483,1.622027092557697,-0.9960079680956174
0.45857919622867394,1.5143364563925696,-1.8016992191953265,-0.9960079680956174
-0.413244370745991,1.3790657301056524,0.03636181547704813,-0.9960079680956174
0.11953669796074867,1.0119023301840198,-1.5200786896719274,1.0040080320963853
1.185098835374228,-0.28283176427647444,1.0198196709353338,-0.9960079680956174
0.07110205535104507,-0.9785097851806205,0.5725921004657848,1.0040080320963853
-0.12263651508776936,-0.45675126950251094,1.6264550883049202,-0.9960079680956174
0.3132752683995631,-0.9785097851806205,0.05008860229344023,-0.9960079680956174
-0.5585482985751018,0.8186584354884235,-0.37942698518721585,1.0040080320963853
0.7491870518868955,-1.0364829535892994,-0.9488672382801269,1.0040080320963853
-0.897590796843027,0.644738930262387,-0.6167675572383825,-0.9960079680956174
-1.3335025803303595,-1.1331049009370975,-0.07699487565186729,-0.9960079680956174
0.9913602649354136,-0.6499951641981071,-1.798156822597548,-0.9960079680956174
0.4101445536189703,0.21960236193207552,0.5734776996152294,-0.9960079680956174
0.700752409277192,-0.30215615374603405,1.1322907629148047,1.0040080320963853
0.9913602649354136,0.0263584672364794,1.606971907017138,-0.9960079680956174
-0.36480972813628737,-0.45675126950251094,-0.9736640144645772,-0.9960079680956174
0.6523177666674883,0.7220364881406255,-0.3156638464272009,-0.9960079680956174
-0.5585482985751018,1.2824437827578543,1.0795976135228478,1.0040080320963853
0.8944909797160063,-0.5726976063198687,-0.09382125949131567,-0.9960079680956174
-0.2679404429168802,-1.4229707429804916,1.5082276018540592,-0.9960079680956174
-1.2366332951109522,1.3790657301056524,1.3944281111504215,-0.9960079680956174
0.3132752683995631,-0.8432390588937032,-1.128201066042669,1.0040080320963853
-0.897590796843027,1.4370388985143312,-0.6021551712725458,-0.9960079680956174
-1.3335025803303595,-1.7321609744934454,-0.5082816614314127,1.0040080320963853
-1.4788065081594703,0.9152803828362216,-1.6737301421005744,-0.9960079680956174
-0.413244370745991,-0.3601293221547129,0.8289730542300114,1.0040080320963853
-1.5756757933788776,-1.8094585323716839,0.418055048887693,1.0040080320963853
1.5241413336421532,-1.307024406163134,1.5631347491196277,-0.9960079680956174
1.0397949075451172,0.548116982914589,-1.2335873648265825,1.0040080320963853
1.4757066910324497,-0.901212227302382,-1.4107071947155128,1.0040080320963853
-0.21950580030717656,-0.6499951641981071,-0.5490192223058666,1.0040080320963853
1.3788374058130424,-1.6355390271456474,-0.48702728184474103,1.0040080320963853
-1.285067937720656,-0.47607565897207055,1.0596716326603433,-0.9960079680956174
1.3788374058130424,1.243795003818735,0.25289080751626547,-0.9960079680956174
-1.6241104359885812,0.296899919810314,1.4918440175893333,1.0040080320963853
-0.21950580030717656,0.4708194250363505,-1.560373450971659,-0.9960079680956174
0.8460563371063028,1.301768172227414,0.937016150462259,-0.9960079680956174
0.9913602649354136,1.4177145090447716,-1.5338054764883193,-0.9960079680956174
-0.12263651508776936,-1.4616195219196109,1.6162706980863069,1.0040080320963853
-1.4788065081594703,0.4514950355667909,0.2506768096426539,-0.9960079680956174
-1.4303718655497668,-1.152429290406657,-1.1543262409512862,1.0040080320963853
0.11953669796074867,1.0891998880622582,0.23207922750431617,-0.9960079680956174
0.3617099110092667,-0.8818878378328224,-1.0214863685345883,1.0040080320963853
0.5070138388383775,-1.307024406163134,1.3829153222076411,1.0040080320963853
1.4272720484227461,1.3597413406360928,-1.1972777996993518,-0.9960079680956174
0.45857919622867394,0.10365602511471786,-1.5860558263055538,1.0040080320963853
0.6038831240577848,1.050551109123139,0.10322455126011934,1.0040080320963853
0.4101445536189703,0.08433163564515823,0.0788705746503914,-0.9960079680956174
-1.5272411507691739,0.39352186715811205,-0.2598711000121879,1.0040080320963853
-0.3163750855265838,0.4708194250363505,-1.174695021388513,-0.9960079680956174
0.5554484814480811,-1.1717536798762167,1.3873433179548644,-0.9960079680956174
-0.9460254394527307,-1.7321609744934454,-1.261483738034089,-0.9960079680956174
-0.9460254394527307,0.2002779724625159,-1.346944055955498,1.0040080320963853
-0.17107115769747297,-0.2441829853373552,-0.5574324142255909,-0.9960079680956174
-1.285067937720656,-0.6306707747285475,0.4074278590943572,1.0040080320963853
0.02266741274134146,-1.0751317325284186,0.37421789099018277,1.0040080320963853
-0.21950580030717656,0.6640633197319467,-0.7580206215748044,1.0040080320963853
-0.8007215116236198,-1.2490512377544551,0.3631479016221246,1.0040080320963853
-1.0913293672818414,-1.6741878060847666,-0.8191269628864855,-0.9960079680956174
0.9913602649354136,0.23892675140163516,-1.2061337911937982,-0.9960079680956174
0.16797134057045227,0.3162243092798736,0.6084588660182931,1.0040080320963853
-0.36480972813628737,-1.8094585323716839,0.1727440844915245,1.0040080320963853
-0.17107115769747297,1.591634014270808,-0.943553643383459,-0.9960079680956174
-0.02576722986836215,1.5143364563925696,-0.33426142856553864,-0.9960079680956174
-0.2679404429168802,1.301768172227414,0.20993924876819986,1.0040080320963853
0.2164059831801559,-0.7272927220763455,-0.022530527961021212,1.0040080320963853
-0.7522868690139163,1.2824437827578543,-0.5211228490983602,-0.9960079680956174
1.5241413336421532,-0.901212227302382,-0.927170059118733,1.0040080320963853
1.4757066910324497,-0.9591853957110609,0.5845476889832876,-0.9960079680956174
-0.6069829411848054,1.3790657301056524,-1.1901930065037944,1.0040080320963853
0.5070138388383775,1.4177145090447716,0.046546205695661626,1.0040080320963853
-1.7209797212079883,1.4370388985143312,1.2961266055620653,-0.9960079680956174
-0.5585482985751018,-0.45675126950251094,-1.1463558486062841,1.0040080320963853
1.6210106188615605,1.050551109123139,-0.8248833573578757,-0.9960079680956174
0.2648406257898595,0.8186584354884235,-0.8572077263126054,-0.9960079680956174
0.2648406257898595,0.23892675140163516,0.5730349000405071,-0.9960079680956174
-1.5756757933788776,-0.16688542745911675,-0.7544782249770259,-0.9960079680956174
-1.6241104359885812,-0.6693195536676667,-1.3013356997590984,1.0040080320963853
0.94292562232571,0.644738930262387,-1.7645040549186513,-0.9960079680956174
-1.4788065081594703,-0.9785097851806205,-0.921856464222065,1.0040080320963853
-0.7038522264042126,-0.9398610062415013,-1.0144015753390312,1.0040080320963853
1.185098835374228,0.04568285670603901,0.913990572576698,-0.9960079680956174
0.9913602649354136,0.39352186715811205,-0.8842185003706673,1.0040080320963853
-1.5272411507691739,-1.4422951324500513,-0.38429778050916147,-0.9960079680956174
1.0882295501548207,-0.3601293221547129,1.3257941770684611,1.0040080320963853
1.2335334779839315,0.8766316038971024,-1.6790437369972422,-0.9960079680956174
0.7976216944965991,-1.6741878060847666,0.08462696912178165,-0.9960079680956174
-1.4788065081594703,1.6302827932099273,0.9693405194169887,1.0040080320963853
0.4101445536189703,1.649607182679487,1.4728036358762733,-0.9960079680956174
1.5725759762518567,0.0263584672364794,0.21790964111320174,1.0040080320963853
-0.8007215116236198,-1.4809439113891705,0.17407248321569146,-0.9960079680956174
-0.5585482985751018,1.3597413406360928,1.516197994199061,1.0040080320963853
0.4101445536189703,-0.18620981692867636,-0.7513786279539696,1.0040080320963853
-1.6241104359885812,-0.7466171115459052,-0.5268792435697504,-0.9960079680956174
-1.5272411507691739,-1.3456731851022532,1.595016318499635,-0.9960079680956174
0.5554484814480811,-1.307024406163134,0.8050618771950059,-0.9960079680956174
0.5554484814480811,0.6833877092015063,1.5285963822912862,1.0040080320963853
-0.655417583794509,0.39352186715811205,0.07754217592622444,1.0040080320963853
0.5554484814480811,-0.3601293221547129,-1.359342444047723,-0.9960079680956174
1.3304027632033388,0.3355486987494332,-0.49189807716668665,-0.9960079680956174
-1.6725450785982847,0.8573072144275428,-0.3444458187841521,-0.9960079680956174
0.5554484814480811,-0.5147244379111898,0.8674966172308538,1.0040080320963853
0.5554484814480811,0.7220364881406255,-1.641848572720567,-0.9960079680956174
0.700752409277192,-0.5920219957894283,1.4041697017943127,-0.9960079680956174
1.0882295501548207,1.3404169511665331,0.162559694272911,-0.9960079680956174
-0.07420187247806576,-0.012290311702639832,1.1141359803511892,1.0040080320963853
-0.897590796843027,-1.1717536798762167,0.8953929904383603,-0.9960079680956174
0.11953669796074867,0.6254145407928274,-0.1558131999524413,1.0040080320963853
-1.0913293672818414,0.8573072144275428,-1.1158026779504437,1.0040080320963853
-1.5272411507691739,1.1278486670013774,-0.9617084259470744,1.0040080320963853
-1.5272411507691739,-0.3987781010938321,-0.2293179293563474,-0.9960079680956174
0.7491870518868955,-1.2877000166935744,1.3426205609079094,-0.9960079680956174
0.8460563371063028,-1.0171585641197398,-1.117573876249333,1.0040080320963853
-0.12263651508776936,1.49501206692301,-0.007918141995184457,-0.9960079680956174
-1.6241104359885812,1.243795003818735,-1.24642855249353,1.0040080320963853
-0.02576722986836215,1.0698754985926986,1.2682302323545587,1.0040080320963853
-1.285067937720656,-1.7901341429021242,0.3232959398971153,1.0040080320963853
1.6210106188615605,0.8186584354884235,-0.9860624025568023,-0.9960079680956174
1.2335334779839315,0.04568285670603901,-0.9453248416823483,1.0040080320963853
-1.0913293672818414,0.9346047723057812,-1.7326224855386436,-0.9960079680956174
1.4757066910324497,-1.7901341429021242,0.7138451648022067,-0.9960079680956174
-1.381937222940063,0.7413608776101851,-1.655575359536959,-0.9960079680956174
-0.36480972813628737,0.7220364881406255,-1.2880517125174284,1.0040080320963853
-0.3163750855265838,-0.26350737480691483,-0.5047392648336341,-0.9960079680956174
1.5241413336421532,-0.3987781010938321,-0.5149236550522476,-0.9960079680956174
0.45857919622867394,-0.7272927220763455,0.7204871584230416,1.0040080320963853
1.1366641927645245,-1.2877000166935744,0.9454293423819832,1.0040080320963853
1.185098835374228,-1.6935121955543262,-0.3395750234622065,-0.9960079680956174
0.7491870518868955,-0.8432390588937032,0.6846203928705332,-0.9960079680956174
-0.36480972813628737,-0.553373216850309,0.7647671158952741,-0.9960079680956174
1.0882295501548207,0.23892675140163516,0.9073485789558631,1.0040080320963853
1.0397949075451172,0.7027120986710659,0.4658774029577042,1.0040080320963853
-1.381937222940063,1.050551109123139,1.4922868171640555,-0.9960079680956174
-1.1397640098915451,1.4756876774534504,1.0317752594528367,1.0040080320963853
0.6523177666674883,1.4756876774534504,1.1212207735467465,1.0040080320963853
1.0882295501548207,0.9925779407144601,1.5587067533724044,1.0040080320963853
-1.0428947246721378,-0.012290311702639832,1.0180484726364445,1.0040080320963853
1.3304027632033388,-1.0944561219979783,0.4441802237963102,-0.9960079680956174
-0.8491561542333235,1.5143364563925696,-0.588871184030876,1.0040080320963853
-0.02576722986836215,-0.901212227302382,0.14529051085874028,1.0040080320963853
1.5241413336421532,-1.7321609744934454,-0.40820895754416703,-0.9960079680956174
-1.285067937720656,-1.5389170797978493,0.5982744757996796,-0.9960079680956174
-1.7209797212079883,-1.6162146376760878,0.8874225980933584,-0.9960079680956174
-0.2679404429168802,0.895955993366662,0.4295678378304735,1.0040080320963853
-1.7209797212079883,1.398390119575212,-1.601111011846113,1.0040080320963853
0.7976216944965991,-0.22485859586779558,1.4449072626687667,1.0040080320963853
-0.413244370745991,1.4177145090447716,-0.4564741111889006,-0.9960079680956174
0.6038831240577848,-0.6499951641981071,-0.3116786502547,1.0040080320963853
0.16797134057045227,0.8573072144275428,-0.06415368798491984,-0.9960079680956174
0.94292562232571,0.5674413723841486,1.0149488756133882,1.0040080320963853
-1.285067937720656,1.050551109123139,0.6328128426280211,1.0040080320963853
1.2819681205936353,0.21960236193207552,0.8705962142539101,-0.9960079680956174
0.07110205535104507,-1.055807343058859,-0.11861803567576593,-0.9960079680956174
0.45857919622867394,-1.4809439113891705,0.6186432562369066,-0.9960079680956174
-0.655417583794509,-1.751485363963005,-0.10002045353742824,1.0040080320963853
0.7976216944965991,0.6254145407928274,1.1167927777995232,1.0040080320963853
-1.4788065081594703,0.0263584672364794,0.13112092446762585,1.0040080320963853
-1.6725450785982847,1.5529852353316889,0.513256957452993,-0.9960079680956174
0.7491870518868955,-1.1331049009370975,-0.7128550649531272,1.0040080320963853
0.4101445536189703,1.4177145090447716,-1.0148443749137535,-0.9960079680956174
-1.1397640098915451,-0.14756103798955714,0.7798223014358333,1.0040080320963853
-0.8491561542333235,-0.6113463852589879,1.4812168277959974,-0.9960079680956174
0.3617099110092667,-1.7321609744934454,0.7815934997347226,1.0040080320963853
-1.0913293672818414,0.3355486987494332,-1.4766843313491393,1.0040080320963853
-0.36480972813628737,0.06500724617559862,-0.46533010268334707,1.0040080320963853
-0.21950580030717656,-1.055807343058859,0.25200520836682083,1.0040080320963853
-1.2366332951109522,0.895955993366662,0.18957046833097288,-0.9960079680956174
1.5725759762518567,-1.0751317325284186,-0.5016396678105778,-0.9960079680956174
-0.21950580030717656,1.649607182679487,0.6868343907441449,-0.9960079680956174
-1.1397640098915451,1.4563632879838908,0.913990572576698,-0.9960079680956174
-0.4616790133556946,0.644738930262387,1.268673031929281,1.0040080320963853
0.6523177666674883,-0.7659415010154648,1.4883016209915547,1.0040080320963853
1.4272720484227461,-0.901212227302382,1.1229919718456358,1.0040080320963853
0.9913602649354136,0.9925779407144601,0.5256553455452182,-0.9960079680956174
-1.3335025803303595,-0.804590279954584,-0.806285775219538,1.0040080320963853
1.4272720484227461,0.8186584354884235,-1.5767570352363849,-0.9960079680956174
0.94292562232571,-1.1910780693457763,-0.07832327437603427,1.0040080320963853
0.3617099110092667,-1.6162146376760878,0.20241165599792033,1.0040080320963853
0.8460563371063028,0.1809535829929563,1.511769998451838,1.0040080320963853
-1.6725450785982847,0.007034077766919783,0.5446957272582782,1.0040080320963853
1.5241413336421532,0.2775755303407544,-0.9457676412570707,1.0040080320963853
-0.7038522264042126,0.9732535512449004,-0.8408241420478794,-0.9960079680956174
0.6523177666674883,0.2775755303407544,1.2097806884912117,1.0040080320963853
-1.6725450785982847,-1.2490512377544551,0.7435127363086025,1.0040080320963853
0.45857919622867394,1.6302827932099273,-0.9209708650726204,-0.9960079680956174
-1.7209797212079883,1.3790657301056524,0.6717792052035857,1.0040080320963853
-0.4616790133556946,1.301768172227414,0.023963427384823006,1.0040080320963853
