Feature,Importance
numeric__Tenure,0.16978003558854723
categorical__Tenure_Group_New,0.1677453747475106
numeric__Customer_Lifetime_Value,0.1306692289927579
numeric__Charge_Per_Tenure_Month,0.12602694974297368
numeric__Total_Charges_Per_Month,0.1044913447862463
categorical__Tenure_Group_Loyal,0.04492716743314393
categorical__Tenure_Group_Established,0.042793362605185174
categorical__Tenure_Group_Developing,0.026361021322205986
categorical__Contract_Month-to-month,0.0247056184130569
categorical__Contract_One year,0.021780378846202434
numeric__MonthlyCharges,0.019383600016066642
numeric__Average_Monthly_Value,0.018606456398599282
numeric__TotalCharges,0.01381169459326865
categorical__Contract_Two year,0.004285716385039406
numeric__SeniorCitizen,0.002968560981222232
categorical__CustomerID_C00324,0.0027780317748068565
categorical__PaymentMethod_Bank Transfer,0.002690741858869733
categorical__CustomerID_C00353,0.0024957600850970536
categorical__CustomerID_C00346,0.0023923289948439455
categorical__PaymentMethod_Electronic Check,0.002233052867785253
categorical__PaymentMethod_Credit Card,0.0019120447194529771
categorical__CustomerID_C00142,0.0018001698871584594
categorical__CustomerID_C00338,0.0017810656545626552
categorical__CustomerID_C00174,0.0017802335034717079
categorical__PaperlessBilling_Yes,0.0016145942987239982
categorical__CustomerID_C00435,0.001609823694530122
categorical__CustomerID_C00140,0.001572870654254598
categorical__CustomerID_C00283,0.001566039086502235
categorical__CustomerID_C00151,0.0015657534159039701
categorical__CustomerID_C00252,0.0014182871976878848
categorical__CustomerID_C00455,0.0013850606419724832
categorical__PaperlessBilling_No,0.0013171603830308808
categorical__CustomerID_C00390,0.001241255418982603
categorical__CustomerID_C00105,0.0012256598908517052
categorical__CustomerID_C00499,0.0012238079818592236
categorical__CustomerID_C00348,0.001216912568327387
categorical__CustomerID_C00147,0.001189443619844373
categorical__CustomerID_C00309,0.0011418623165820553
categorical__CustomerID_C00397,0.0011292502789614996
categorical__CustomerID_C00042,0.001116680595886782
categorical__CustomerID_C00385,0.0011093711895433934
categorical__CustomerID_C00091,0.0010961172342950887
categorical__CustomerID_C00471,0.0010182761358549885
categorical__CustomerID_C00464,0.0009317528324349758
categorical__CustomerID_C00137,0.000901294466834569
categorical__CustomerID_C00131,0.0008999663976152175
categorical__CustomerID_C00125,0.0008486749925385251
categorical__CustomerID_C00414,0.0008459044859240267
categorical__CustomerID_C00032,0.0008340002303526301
categorical__CustomerID_C00062,0.0008339438582000636
categorical__CustomerID_C00263,0.0007758388005414278
categorical__CustomerID_C00099,0.0007626981644467732
categorical__CustomerID_C00079,0.0007537189977439694
categorical__CustomerID_C00066,0.000748673740546953
categorical__CustomerID_C00104,0.0007230734290274303
categorical__CustomerID_C00391,0.0007118294207655171
categorical__CustomerID_C00074,0.0006957438100467481
categorical__CustomerID_C00423,0.0006928142496031639
categorical__CustomerID_C00393,0.0006879311240054703
categorical__CustomerID_C00493,0.0006641572720748968
categorical__CustomerID_C00408,0.0006505811315245197
categorical__CustomerID_C00278,0.0006396497109598737
categorical__CustomerID_C00069,0.0006375850209926438
categorical__CustomerID_C00214,0.0006252901690491888
categorical__CustomerID_C00266,0.0006245875288943576
categorical__CustomerID_C00446,0.0005379145215752017
categorical__CustomerID_C00014,0.0005224343587502137
categorical__CustomerID_C00401,0.000517381279000468
categorical__CustomerID_C00158,0.0005170726229138
categorical__CustomerID_C00233,0.0005156646760372739
categorical__CustomerID_C00407,0.0004593617287963086
categorical__CustomerID_C00424,0.00041544547463192775
categorical__CustomerID_C00012,0.0004067247884581829
categorical__CustomerID_C00334,0.0003977105897324675
categorical__CustomerID_C00354,0.000381427100662487
categorical__CustomerID_C00001,0.0003718753622602426
categorical__CustomerID_C00306,0.0003711648190303487
categorical__CustomerID_C00287,0.00035648025371265305
categorical__CustomerID_C00077,0.0003539650267599182
categorical__CustomerID_C00428,0.0003489863207449195
categorical__CustomerID_C00477,0.00034555745531235403
categorical__CustomerID_C00458,0.0003126598305466544
categorical__CustomerID_C00447,0.0003098886101197482
categorical__CustomerID_C00267,0.0003041048329723995
categorical__CustomerID_C00470,0.0003036626425639705
categorical__CustomerID_C00337,0.00029376096243737356
categorical__CustomerID_C00497,0.00026963581120043246
categorical__CustomerID_C00242,0.0002615934941862454
categorical__CustomerID_C00474,0.000261583774992412
categorical__CustomerID_C00178,0.0002414146873710795
categorical__CustomerID_C00320,0.00024113998404131688
categorical__CustomerID_C00108,0.00023182526661241878
categorical__CustomerID_C00405,0.00021220835579321095
categorical__CustomerID_C00187,0.00020313253794263607
categorical__CustomerID_C00010,0.00020161589163024692
categorical__CustomerID_C00061,0.00019922392653672037
categorical__CustomerID_C00243,0.00019376268077118063
categorical__CustomerID_C00021,0.0001795652927286131
categorical__CustomerID_C00128,0.00017527458120700326
categorical__CustomerID_C00450,0.0001686525311620759
categorical__CustomerID_C00299,0.000164872984081871
categorical__CustomerID_C00297,0.00015949947904546642
categorical__CustomerID_C00236,0.00015750140919635068
categorical__CustomerID_C00257,0.00014844627707012264
categorical__CustomerID_C00145,0.000145084732527287
categorical__CustomerID_C00117,0.000142210554037322
categorical__CustomerID_C00238,0.00014220054807966793
categorical__CustomerID_C00129,0.00013658042930081823
categorical__CustomerID_C00388,0.00013422677844557955
categorical__CustomerID_C00284,0.0001332608831946157
categorical__CustomerID_C00373,0.00012969643983238452
categorical__CustomerID_C00352,0.00012895650521170537
categorical__CustomerID_C00122,0.0001274372075978687
categorical__CustomerID_C00134,0.00012565303290580757
categorical__CustomerID_C00204,0.00012479053629682458
categorical__CustomerID_C00017,0.00011833995389082753
categorical__CustomerID_C00223,0.00011748056499629001
categorical__CustomerID_C00293,0.00011071314082450018
categorical__CustomerID_C00475,0.00011061880255558151
categorical__CustomerID_C00311,0.00010878342742806051
categorical__CustomerID_C00009,0.00010681029527828207
categorical__CustomerID_C00073,0.00010485949141979741
categorical__CustomerID_C00196,0.00010460632633121951
categorical__CustomerID_C00420,0.00010107738291599115
categorical__CustomerID_C00245,9.863301059621342e-05
categorical__CustomerID_C00434,9.84346800693138e-05
categorical__CustomerID_C00364,9.73152148775905e-05
categorical__CustomerID_C00396,9.664556096870905e-05
categorical__CustomerID_C00026,9.43496306745545e-05
categorical__CustomerID_C00181,9.411733276440347e-05
categorical__CustomerID_C00192,9.409911502912247e-05
categorical__CustomerID_C00498,9.061309049279863e-05
categorical__CustomerID_C00416,9.0573141021344e-05
categorical__CustomerID_C00486,9.036219868612014e-05
categorical__CustomerID_C00080,8.869616300789137e-05
categorical__CustomerID_C00164,8.862069643076809e-05
categorical__CustomerID_C00459,8.799343883244179e-05
categorical__CustomerID_C00113,8.620221210195187e-05
categorical__CustomerID_C00375,8.587260628320716e-05
categorical__CustomerID_C00333,8.458369462172624e-05
categorical__CustomerID_C00482,8.010718862570927e-05
categorical__CustomerID_C00229,7.973251537300912e-05
categorical__CustomerID_C00439,7.919552140838544e-05
categorical__CustomerID_C00143,7.819996878672398e-05
categorical__CustomerID_C00198,7.740202356150918e-05
categorical__CustomerID_C00224,7.597135690122248e-05
categorical__CustomerID_C00006,7.512822320475792e-05
categorical__CustomerID_C00086,7.48151068066447e-05
categorical__CustomerID_C00422,7.366458833195095e-05
categorical__CustomerID_C00168,7.178852229466315e-05
categorical__CustomerID_C00222,7.078473817549009e-05
categorical__CustomerID_C00116,6.991688925531097e-05
categorical__CustomerID_C00251,6.78149288111552e-05
categorical__CustomerID_C00269,6.778847568318556e-05
categorical__CustomerID_C00162,6.59284953385232e-05
categorical__CustomerID_C00452,6.437756511691451e-05
categorical__CustomerID_C00285,6.314999187775642e-05
categorical__CustomerID_C00030,6.12548912563258e-05
categorical__CustomerID_C00170,5.911743680999647e-05
categorical__CustomerID_C00254,5.872404837320079e-05
categorical__CustomerID_C00201,5.536890793757318e-05
categorical__CustomerID_C00036,5.536678319405679e-05
categorical__CustomerID_C00226,5.50656641329919e-05
categorical__CustomerID_C00247,5.451570617113978e-05
categorical__CustomerID_C00124,5.386796856936157e-05
categorical__CustomerID_C00317,5.302690057883678e-05
categorical__CustomerID_C00372,5.267400004441819e-05
categorical__CustomerID_C00410,5.2566649676205456e-05
categorical__CustomerID_C00491,5.196604243967994e-05
categorical__CustomerID_C00465,5.11557408109131e-05
categorical__CustomerID_C00394,5.1028298350769424e-05
categorical__CustomerID_C00433,5.0244281439118506e-05
categorical__CustomerID_C00274,4.98315680666063e-05
categorical__CustomerID_C00319,4.9765078176006794e-05
categorical__CustomerID_C00008,4.766703425825951e-05
categorical__CustomerID_C00289,4.722945555632466e-05
categorical__CustomerID_C00345,4.660870267348711e-05
categorical__CustomerID_C00259,4.505120181624045e-05
categorical__CustomerID_C00093,4.4985125091760765e-05
categorical__CustomerID_C00230,4.4744606262684136e-05
categorical__CustomerID_C00436,4.4583110906235296e-05
categorical__CustomerID_C00258,4.377565225106329e-05
categorical__CustomerID_C00067,4.285883368941271e-05
categorical__CustomerID_C00255,4.260179461798577e-05
categorical__CustomerID_C00044,4.237091394578373e-05
categorical__CustomerID_C00094,4.1040910359434226e-05
categorical__CustomerID_C00167,4.092347231273689e-05
categorical__CustomerID_C00246,4.0202305684355506e-05
categorical__CustomerID_C00015,3.915305781555369e-05
categorical__CustomerID_C00184,3.9105057438818275e-05
categorical__CustomerID_C00431,3.8695360481071156e-05
categorical__CustomerID_C00221,3.805304405538126e-05
categorical__CustomerID_C00308,3.786278312172787e-05
categorical__CustomerID_C00070,3.709428378171335e-05
categorical__CustomerID_C00154,3.685951077532435e-05
categorical__CustomerID_C00189,3.6203636682003226e-05
categorical__CustomerID_C00195,3.60814607822365e-05
categorical__CustomerID_C00136,3.57460435814399e-05
categorical__CustomerID_C00298,3.56777124627374e-05
categorical__CustomerID_C00265,3.444384676029982e-05
categorical__CustomerID_C00275,3.4098824120543466e-05
categorical__CustomerID_C00037,3.388812983726979e-05
categorical__CustomerID_C00318,3.3879193534720936e-05
categorical__CustomerID_C00202,3.360972085966083e-05
categorical__CustomerID_C00020,3.2830454154615725e-05
categorical__CustomerID_C00495,3.239284700869955e-05
categorical__CustomerID_C00327,3.1797030434580075e-05
categorical__CustomerID_C00315,3.178433810809446e-05
categorical__CustomerID_C00399,3.1348386545248865e-05
categorical__CustomerID_C00292,3.060320478547783e-05
categorical__CustomerID_C00403,3.0499753124848852e-05
categorical__CustomerID_C00209,2.9570582427718528e-05
categorical__CustomerID_C00033,2.8818437441859097e-05
categorical__CustomerID_C00329,2.833250511868669e-05
categorical__CustomerID_C00029,2.6892905966350045e-05
categorical__CustomerID_C00440,2.6833694556550734e-05
categorical__CustomerID_C00100,2.583413387180703e-05
categorical__CustomerID_C00166,2.5643342613608208e-05
categorical__CustomerID_C00314,2.5324054000602594e-05
categorical__CustomerID_C00413,2.5063986298209788e-05
categorical__CustomerID_C00335,2.4894794664426713e-05
categorical__CustomerID_C00047,2.437387598676226e-05
categorical__CustomerID_C00367,2.366473845225921e-05
categorical__CustomerID_C00437,2.364606946589233e-05
categorical__CustomerID_C00404,2.15007947705711e-05
categorical__CustomerID_C00441,2.1278959512139907e-05
categorical__CustomerID_C00101,2.104768845967225e-05
categorical__CustomerID_C00386,2.0599472575857228e-05
categorical__CustomerID_C00426,2.0378855316380358e-05
categorical__CustomerID_C00180,1.9636968548750404e-05
categorical__CustomerID_C00344,1.9092112007398944e-05
categorical__CustomerID_C00138,1.9065956942657217e-05
categorical__CustomerID_C00331,1.8431073876617653e-05
categorical__CustomerID_C00253,1.84285183725534e-05
categorical__CustomerID_C00303,1.7944458125017803e-05
categorical__CustomerID_C00302,1.742189016229246e-05
categorical__CustomerID_C00418,1.681121725624592e-05
categorical__CustomerID_C00210,1.6521279407877518e-05
categorical__CustomerID_C00092,1.622188075578996e-05
categorical__CustomerID_C00106,1.5774766110818547e-05
categorical__CustomerID_C00398,1.5663057567371035e-05
categorical__CustomerID_C00088,1.5657147051360844e-05
categorical__CustomerID_C00022,1.5536299062391843e-05
categorical__CustomerID_C00250,1.534895045957332e-05
categorical__CustomerID_C00141,1.5289180484670963e-05
categorical__CustomerID_C00071,1.5141984978904025e-05
categorical__CustomerID_C00149,1.4832800425762813e-05
categorical__CustomerID_C00004,1.3488893461170452e-05
categorical__CustomerID_C00050,1.3211515428790016e-05
categorical__CustomerID_C00478,1.2642117638652038e-05
categorical__CustomerID_C00146,1.1877611238549541e-05
categorical__CustomerID_C00325,1.1655326539155976e-05
categorical__CustomerID_C00445,1.1523372984825288e-05
categorical__CustomerID_C00371,1.0883101819838962e-05
categorical__CustomerID_C00182,1.0202434960293059e-05
categorical__CustomerID_C00165,1.0200559087668703e-05
categorical__CustomerID_C00365,1.0196889144377513e-05
categorical__CustomerID_C00310,9.864102119770946e-06
categorical__CustomerID_C00023,9.608048332737498e-06
categorical__CustomerID_C00225,9.420457715287263e-06
categorical__CustomerID_C00114,8.989333233685402e-06
categorical__CustomerID_C00005,8.91488085793989e-06
categorical__CustomerID_C00063,8.904580183755532e-06
categorical__CustomerID_C00205,8.818016445213883e-06
categorical__CustomerID_C00190,8.764509841693624e-06
categorical__CustomerID_C00411,8.095653398693063e-06
categorical__CustomerID_C00240,7.437876088154259e-06
categorical__CustomerID_C00280,6.923019807304401e-06
categorical__CustomerID_C00395,6.919124243748713e-06
categorical__CustomerID_C00463,6.116596318035525e-06
categorical__CustomerID_C00472,6.033889075551824e-06
categorical__CustomerID_C00127,5.36990675948939e-06
categorical__CustomerID_C00417,5.333629996298771e-06
categorical__CustomerID_C00296,4.363886035845195e-06
categorical__CustomerID_C00176,4.071976524453796e-06
categorical__CustomerID_C00449,3.592933843591959e-06
categorical__CustomerID_C00169,3.4115395123314114e-06
categorical__CustomerID_C00161,3.3863023146732893e-06
categorical__CustomerID_C00494,3.204540843276735e-06
categorical__CustomerID_C00111,3.067848587291839e-06
categorical__CustomerID_C00305,3.0582583853709036e-06
categorical__CustomerID_C00200,2.9515935125164064e-06
categorical__CustomerID_C00427,2.8475970348780874e-06
categorical__CustomerID_C00087,2.784300771439601e-06
categorical__CustomerID_C00096,2.6205183731196288e-06
categorical__CustomerID_C00231,2.533428999336388e-06
categorical__CustomerID_C00330,2.1733382112701546e-06
categorical__CustomerID_C00261,1.9212699996984073e-06
categorical__CustomerID_C00466,1.8927012223353586e-06
categorical__CustomerID_C00126,1.5195115190225173e-06
categorical__CustomerID_C00355,1.4024415396775405e-06
categorical__CustomerID_C00027,1.334094934856014e-06
categorical__CustomerID_C00312,1.2592167362836297e-06
categorical__CustomerID_C00370,1.1974665030129214e-06
categorical__CustomerID_C00148,1.1393931804262626e-06
categorical__CustomerID_C00057,9.96896838197543e-07
categorical__CustomerID_C00419,8.582534584638601e-07
categorical__CustomerID_C00392,8.374796448551691e-07
categorical__CustomerID_C00323,8.025539911705731e-07
categorical__CustomerID_C00197,6.678178574494827e-07
categorical__CustomerID_C00357,5.030990043195457e-07
categorical__CustomerID_C00084,4.970484720586101e-07
categorical__CustomerID_C00448,4.5419899794323995e-07
categorical__CustomerID_C00135,2.026729669008149e-07
categorical__CustomerID_C00208,1.992335336534399e-07
categorical__CustomerID_C00072,7.866165025177941e-08
categorical__CustomerID_C00237,2.9502015784859647e-08
categorical__CustomerID_C00438,0.0
categorical__CustomerID_C00490,0.0
categorical__CustomerID_C00462,0.0
categorical__CustomerID_C00442,0.0
categorical__CustomerID_C00443,0.0
categorical__CustomerID_C00444,0.0
categorical__CustomerID_C00484,0.0
categorical__CustomerID_C00460,0.0
categorical__CustomerID_C00003,0.0
categorical__CustomerID_C00429,0.0
categorical__CustomerID_C00485,0.0
categorical__CustomerID_C00476,0.0
categorical__CustomerID_C00457,0.0
categorical__CustomerID_C00011,0.0
categorical__CustomerID_C00469,0.0
categorical__CustomerID_C00007,0.0
categorical__CustomerID_C00479,0.0
categorical__CustomerID_C00468,0.0
categorical__CustomerID_C00453,0.0
categorical__CustomerID_C00412,0.0
categorical__CustomerID_C00421,0.0
categorical__CustomerID_C00451,0.0
categorical__CustomerID_C00467,0.0
categorical__CustomerID_C00425,0.0
categorical__CustomerID_C00028,0.0
categorical__CustomerID_C00400,0.0
categorical__CustomerID_C00384,0.0
categorical__CustomerID_C00103,0.0
categorical__CustomerID_C00109,0.0
categorical__CustomerID_C00110,0.0
categorical__CustomerID_C00120,0.0
categorical__CustomerID_C00121,0.0
categorical__CustomerID_C00123,0.0
categorical__CustomerID_C00133,0.0
categorical__CustomerID_C00144,0.0
categorical__CustomerID_C00150,0.0
categorical__CustomerID_C00153,0.0
categorical__CustomerID_C00155,0.0
categorical__CustomerID_C00157,0.0
categorical__CustomerID_C00159,0.0
categorical__CustomerID_C00160,0.0
categorical__CustomerID_C00163,0.0
categorical__CustomerID_C00173,0.0
categorical__CustomerID_C00177,0.0
categorical__CustomerID_C00179,0.0
categorical__CustomerID_C00183,0.0
categorical__CustomerID_C00095,0.0
categorical__CustomerID_C00089,0.0
categorical__CustomerID_C00085,0.0
categorical__CustomerID_C00046,0.0
categorical__CustomerID_C00031,0.0
categorical__CustomerID_C00034,0.0
categorical__CustomerID_C00035,0.0
categorical__CustomerID_C00038,0.0
categorical__CustomerID_C00040,0.0
categorical__CustomerID_C00041,0.0
categorical__CustomerID_C00043,0.0
categorical__CustomerID_C00045,0.0
categorical__CustomerID_C00049,0.0
categorical__CustomerID_C00083,0.0
categorical__CustomerID_C00051,0.0
categorical__CustomerID_C00052,0.0
categorical__CustomerID_C00064,0.0
categorical__CustomerID_C00068,0.0
categorical__CustomerID_C00075,0.0
categorical__CustomerID_C00076,0.0
categorical__CustomerID_C00078,0.0
categorical__CustomerID_C00082,0.0
categorical__CustomerID_C00188,0.0
categorical__CustomerID_C00193,0.0
categorical__CustomerID_C00203,0.0
categorical__CustomerID_C00359,0.0
categorical__CustomerID_C00322,0.0
categorical__CustomerID_C00332,0.0
categorical__CustomerID_C00339,0.0
categorical__CustomerID_C00341,0.0
categorical__CustomerID_C00347,0.0
categorical__CustomerID_C00350,0.0
categorical__CustomerID_C00013,0.0
categorical__CustomerID_C00358,0.0
categorical__CustomerID_C00360,0.0
categorical__CustomerID_C00316,0.0
categorical__CustomerID_C00361,0.0
categorical__CustomerID_C00363,0.0
categorical__CustomerID_C00369,0.0
categorical__CustomerID_C00374,0.0
categorical__CustomerID_C00376,0.0
categorical__CustomerID_C00378,0.0
categorical__CustomerID_C00379,0.0
categorical__CustomerID_C00380,0.0
categorical__CustomerID_C00321,0.0
categorical__CustomerID_C00313,0.0
categorical__CustomerID_C00206,0.0
categorical__CustomerID_C00249,0.0
categorical__CustomerID_C00207,0.0
categorical__CustomerID_C00211,0.0
categorical__CustomerID_C00219,0.0
categorical__CustomerID_C00220,0.0
categorical__CustomerID_C00227,0.0
categorical__CustomerID_C00234,0.0
categorical__CustomerID_C00235,0.0
categorical__CustomerID_C00248,0.0
categorical__CustomerID_C00256,0.0
categorical__CustomerID_C00291,0.0
categorical__CustomerID_C00260,0.0
categorical__CustomerID_C00262,0.0
categorical__CustomerID_C00272,0.0
categorical__CustomerID_C00276,0.0
categorical__CustomerID_C00277,0.0
categorical__CustomerID_C00279,0.0
categorical__CustomerID_C00018,0.0
categorical__CustomerID_C00286,0.0
categorical__CustomerID_C00268,0.0
